hour, t(sec), V1, VAngle1, V2, VAngle2, I1, IAngle1, I2, IAngle2
0, 60.00000, 2520.87, -0.0219479, 0, 0, 0, 0, 0, 0
0, 120.00000, 2520.87, -0.0219054, 0, 0, 0, 0, 0, 0
0, 180.00000, 2520.88, -0.0218629, 0, 0, 0, 0, 0, 0
0, 240.00000, 2520.88, -0.0218204, 0, 0, 0, 0, 0, 0
0, 300.00000, 2520.88, -0.021778, 0, 0, 0, 0, 0, 0
0, 360.00000, 2520.88, -0.0217355, 0, 0, 0, 0, 0, 0
0, 420.00000, 2520.88, -0.021693, 0, 0, 0, 0, 0, 0
0, 480.00000, 2520.89, -0.0216506, 0, 0, 0, 0, 0, 0
0, 540.00000, 2520.89, -0.0216081, 0, 0, 0, 0, 0, 0
0, 600.00000, 2520.89, -0.0215657, 0, 0, 0, 0, 0, 0
0, 660.00000, 2520.89, -0.0215232, 0, 0, 0, 0, 0, 0
0, 720.00000, 2520.9, -0.0214808, 0, 0, 0, 0, 0, 0
0, 780.00000, 2520.9, -0.0214383, 0, 0, 0, 0, 0, 0
0, 840.00000, 2520.9, -0.0213959, 0, 0, 0, 0, 0, 0
0, 900.00000, 2520.9, -0.0213534, 0, 0, 0, 0, 0, 0
0, 960.00000, 2520.9, -0.021311, 0, 0, 0, 0, 0, 0
0, 1020.00000, 2520.91, -0.0212686, 0, 0, 0, 0, 0, 0
0, 1080.00000, 2520.91, -0.0212261, 0, 0, 0, 0, 0, 0
0, 1140.00000, 2520.91, -0.0211837, 0, 0, 0, 0, 0, 0
0, 1200.00000, 2520.91, -0.0211413, 0, 0, 0, 0, 0, 0
0, 1260.00000, 2520.91, -0.0210989, 0, 0, 0, 0, 0, 0
0, 1320.00000, 2520.92, -0.0210564, 0, 0, 0, 0, 0, 0
0, 1380.00000, 2520.92, -0.021014, 0, 0, 0, 0, 0, 0
0, 1440.00000, 2520.92, -0.0209716, 0, 0, 0, 0, 0, 0
0, 1500.00000, 2520.92, -0.0209292, 0, 0, 0, 0, 0, 0
0, 1560.00000, 2520.92, -0.0208868, 0, 0, 0, 0, 0, 0
0, 1620.00000, 2520.93, -0.0208444, 0, 0, 0, 0, 0, 0
0, 1680.00000, 2520.93, -0.020802, 0, 0, 0, 0, 0, 0
0, 1740.00000, 2520.93, -0.0207596, 0, 0, 0, 0, 0, 0
0, 1800.00000, 2520.93, -0.0207172, 0, 0, 0, 0, 0, 0
0, 1860.00000, 2520.93, -0.0206748, 0, 0, 0, 0, 0, 0
0, 1920.00000, 2520.94, -0.0206324, 0, 0, 0, 0, 0, 0
0, 1980.00000, 2520.94, -0.02059, 0, 0, 0, 0, 0, 0
0, 2040.00000, 2520.94, -0.0205476, 0, 0, 0, 0, 0, 0
0, 2100.00000, 2520.94, -0.0205052, 0, 0, 0, 0, 0, 0
0, 2160.00000, 2520.94, -0.0204628, 0, 0, 0, 0, 0, 0
0, 2220.00000, 2520.95, -0.0204204, 0, 0, 0, 0, 0, 0
0, 2280.00000, 2520.95, -0.0203781, 0, 0, 0, 0, 0, 0
0, 2340.00000, 2520.95, -0.0203357, 0, 0, 0, 0, 0, 0
0, 2400.00000, 2520.95, -0.0202933, 0, 0, 0, 0, 0, 0
0, 2460.00000, 2520.95, -0.020251, 0, 0, 0, 0, 0, 0
0, 2520.00000, 2520.96, -0.0202086, 0, 0, 0, 0, 0, 0
0, 2580.00000, 2520.96, -0.0201662, 0, 0, 0, 0, 0, 0
0, 2640.00000, 2520.96, -0.0201239, 0, 0, 0, 0, 0, 0
0, 2700.00000, 2520.96, -0.0200815, 0, 0, 0, 0, 0, 0
0, 2760.00000, 2520.96, -0.0200391, 0, 0, 0, 0, 0, 0
0, 2820.00000, 2520.97, -0.0199968, 0, 0, 0, 0, 0, 0
0, 2880.00000, 2520.97, -0.0199544, 0, 0, 0, 0, 0, 0
0, 2940.00000, 2520.97, -0.0199121, 0, 0, 0, 0, 0, 0
0, 3000.00000, 2520.97, -0.0198697, 0, 0, 0, 0, 0, 0
0, 3060.00000, 2520.97, -0.0198274, 0, 0, 0, 0, 0, 0
0, 3120.00000, 2520.98, -0.0197851, 0, 0, 0, 0, 0, 0
0, 3180.00000, 2520.98, -0.0197427, 0, 0, 0, 0, 0, 0
0, 3240.00000, 2520.98, -0.0197004, 0, 0, 0, 0, 0, 0
0, 3300.00000, 2520.98, -0.0196581, 0, 0, 0, 0, 0, 0
0, 3360.00000, 2520.98, -0.0196157, 0, 0, 0, 0, 0, 0
0, 3420.00000, 2520.99, -0.0195734, 0, 0, 0, 0, 0, 0
0, 3480.00000, 2520.99, -0.0195311, 0, 0, 0, 0, 0, 0
0, 3540.00000, 2520.99, -0.0194888, 0, 0, 0, 0, 0, 0
1, 0.00000, 2520.99, -0.0194464, 0, 0, 0, 0, 0, 0
1, 60.00000, 2520.99, -0.0195809, 0, 0, 0, 0, 0, 0
1, 120.00000, 2520.98, -0.0197166, 0, 0, 0, 0, 0, 0
1, 180.00000, 2520.97, -0.0198523, 0, 0, 0, 0, 0, 0
1, 240.00000, 2520.97, -0.0199881, 0, 0, 0, 0, 0, 0
1, 300.00000, 2520.96, -0.0201239, 0, 0, 0, 0, 0, 0
1, 360.00000, 2520.95, -0.0202597, 0, 0, 0, 0, 0, 0
1, 420.00000, 2520.95, -0.0203955, 0, 0, 0, 0, 0, 0
1, 480.00000, 2520.94, -0.0205314, 0, 0, 0, 0, 0, 0
1, 540.00000, 2520.93, -0.0206673, 0, 0, 0, 0, 0, 0
1, 600.00000, 2520.93, -0.0208033, 0, 0, 0, 0, 0, 0
1, 660.00000, 2520.92, -0.0209392, 0, 0, 0, 0, 0, 0
1, 720.00000, 2520.91, -0.0210752, 0, 0, 0, 0, 0, 0
1, 780.00000, 2520.91, -0.0212112, 0, 0, 0, 0, 0, 0
1, 840.00000, 2520.9, -0.0213473, 0, 0, 0, 0, 0, 0
1, 900.00000, 2520.89, -0.0214834, 0, 0, 0, 0, 0, 0
1, 960.00000, 2520.89, -0.0216195, 0, 0, 0, 0, 0, 0
1, 1020.00000, 2520.88, -0.0217556, 0, 0, 0, 0, 0, 0
1, 1080.00000, 2520.88, -0.0218918, 0, 0, 0, 0, 0, 0
1, 1140.00000, 2520.87, -0.0220279, 0, 0, 0, 0, 0, 0
1, 1200.00000, 2520.86, -0.0221642, 0, 0, 0, 0, 0, 0
1, 1260.00000, 2520.86, -0.0223004, 0, 0, 0, 0, 0, 0
1, 1320.00000, 2520.85, -0.0224367, 0, 0, 0, 0, 0, 0
1, 1380.00000, 2520.84, -0.022573, 0, 0, 0, 0, 0, 0
1, 1440.00000, 2520.84, -0.0227093, 0, 0, 0, 0, 0, 0
1, 1500.00000, 2520.83, -0.0228457, 0, 0, 0, 0, 0, 0
1, 1560.00000, 2520.82, -0.0229821, 0, 0, 0, 0, 0, 0
1, 1620.00000, 2520.82, -0.0231185, 0, 0, 0, 0, 0, 0
1, 1680.00000, 2520.81, -0.0232549, 0, 0, 0, 0, 0, 0
1, 1740.00000, 2520.8, -0.0233914, 0, 0, 0, 0, 0, 0
1, 1800.00000, 2520.8, -0.0235279, 0, 0, 0, 0, 0, 0
1, 1860.00000, 2520.79, -0.0236645, 0, 0, 0, 0, 0, 0
1, 1920.00000, 2520.78, -0.023801, 0, 0, 0, 0, 0, 0
1, 1980.00000, 2520.78, -0.0239376, 0, 0, 0, 0, 0, 0
1, 2040.00000, 2520.77, -0.0240743, 0, 0, 0, 0, 0, 0
1, 2100.00000, 2520.76, -0.0242109, 0, 0, 0, 0, 0, 0
1, 2160.00000, 2520.76, -0.0243476, 0, 0, 0, 0, 0, 0
1, 2220.00000, 2520.75, -0.0244843, 0, 0, 0, 0, 0, 0
1, 2280.00000, 2520.74, -0.0246211, 0, 0, 0, 0, 0, 0
1, 2340.00000, 2520.74, -0.0247578, 0, 0, 0, 0, 0, 0
1, 2400.00000, 2520.73, -0.0248946, 0, 0, 0, 0, 0, 0
1, 2460.00000, 2520.72, -0.0250315, 0, 0, 0, 0, 0, 0
1, 2520.00000, 2520.72, -0.0251683, 0, 0, 0, 0, 0, 0
1, 2580.00000, 2520.71, -0.0253052, 0, 0, 0, 0, 0, 0
1, 2640.00000, 2520.7, -0.0254421, 0, 0, 0, 0, 0, 0
1, 2700.00000, 2520.7, -0.0255791, 0, 0, 0, 0, 0, 0
1, 2760.00000, 2520.69, -0.0257161, 0, 0, 0, 0, 0, 0
1, 2820.00000, 2520.68, -0.0258531, 0, 0, 0, 0, 0, 0
1, 2880.00000, 2520.68, -0.0259901, 0, 0, 0, 0, 0, 0
1, 2940.00000, 2520.67, -0.0261272, 0, 0, 0, 0, 0, 0
1, 3000.00000, 2520.66, -0.0262643, 0, 0, 0, 0, 0, 0
1, 3060.00000, 2520.66, -0.0264015, 0, 0, 0, 0, 0, 0
1, 3120.00000, 2520.65, -0.0265386, 0, 0, 0, 0, 0, 0
1, 3180.00000, 2520.64, -0.0266758, 0, 0, 0, 0, 0, 0
1, 3240.00000, 2520.64, -0.026813, 0, 0, 0, 0, 0, 0
1, 3300.00000, 2520.63, -0.0269503, 0, 0, 0, 0, 0, 0
1, 3360.00000, 2520.62, -0.0270876, 0, 0, 0, 0, 0, 0
1, 3420.00000, 2520.62, -0.0272249, 0, 0, 0, 0, 0, 0
1, 3480.00000, 2520.61, -0.0273623, 0, 0, 0, 0, 0, 0
1, 3540.00000, 2520.6, -0.0274996, 0, 0, 0, 0, 0, 0
2, 0.00000, 2520.59, -0.0276371, 0, 0, 0, 0, 0, 0
2, 60.00000, 2520.6, -0.0274981, 0, 0, 0, 0, 0, 0
2, 120.00000, 2520.61, -0.0273563, 0, 0, 0, 0, 0, 0
2, 180.00000, 2520.62, -0.0272145, 0, 0, 0, 0, 0, 0
2, 240.00000, 2520.62, -0.0270728, 0, 0, 0, 0, 0, 0
2, 300.00000, 2520.63, -0.0269311, 0, 0, 0, 0, 0, 0
2, 360.00000, 2520.64, -0.0267894, 0, 0, 0, 0, 0, 0
2, 420.00000, 2520.64, -0.0266478, 0, 0, 0, 0, 0, 0
2, 480.00000, 2520.65, -0.0265061, 0, 0, 0, 0, 0, 0
2, 540.00000, 2520.66, -0.0263646, 0, 0, 0, 0, 0, 0
2, 600.00000, 2520.66, -0.026223, 0, 0, 0, 0, 0, 0
2, 660.00000, 2520.67, -0.0260815, 0, 0, 0, 0, 0, 0
2, 720.00000, 2520.68, -0.02594, 0, 0, 0, 0, 0, 0
2, 780.00000, 2520.69, -0.0257985, 0, 0, 0, 0, 0, 0
2, 840.00000, 2520.69, -0.0256571, 0, 0, 0, 0, 0, 0
2, 900.00000, 2520.7, -0.0255157, 0, 0, 0, 0, 0, 0
2, 960.00000, 2520.71, -0.0253744, 0, 0, 0, 0, 0, 0
2, 1020.00000, 2520.71, -0.0252331, 0, 0, 0, 0, 0, 0
2, 1080.00000, 2520.72, -0.0250918, 0, 0, 0, 0, 0, 0
2, 1140.00000, 2520.73, -0.0249505, 0, 0, 0, 0, 0, 0
2, 1200.00000, 2520.73, -0.0248093, 0, 0, 0, 0, 0, 0
2, 1260.00000, 2520.74, -0.0246681, 0, 0, 0, 0, 0, 0
2, 1320.00000, 2520.75, -0.0245269, 0, 0, 0, 0, 0, 0
2, 1380.00000, 2520.75, -0.0243858, 0, 0, 0, 0, 0, 0
2, 1440.00000, 2520.76, -0.0242447, 0, 0, 0, 0, 0, 0
2, 1500.00000, 2520.77, -0.0241036, 0, 0, 0, 0, 0, 0
2, 1560.00000, 2520.78, -0.0239626, 0, 0, 0, 0, 0, 0
2, 1620.00000, 2520.78, -0.0238216, 0, 0, 0, 0, 0, 0
2, 1680.00000, 2520.79, -0.0236806, 0, 0, 0, 0, 0, 0
2, 1740.00000, 2520.8, -0.0235397, 0, 0, 0, 0, 0, 0
2, 1800.00000, 2520.8, -0.0233988, 0, 0, 0, 0, 0, 0
2, 1860.00000, 2520.81, -0.0232579, 0, 0, 0, 0, 0, 0
2, 1920.00000, 2520.82, -0.023117, 0, 0, 0, 0, 0, 0
2, 1980.00000, 2520.82, -0.0229762, 0, 0, 0, 0, 0, 0
2, 2040.00000, 2520.83, -0.0228354, 0, 0, 0, 0, 0, 0
2, 2100.00000, 2520.84, -0.0226947, 0, 0, 0, 0, 0, 0
2, 2160.00000, 2520.84, -0.0225539, 0, 0, 0, 0, 0, 0
2, 2220.00000, 2520.85, -0.0224132, 0, 0, 0, 0, 0, 0
2, 2280.00000, 2520.86, -0.0222726, 0, 0, 0, 0, 0, 0
2, 2340.00000, 2520.86, -0.022132, 0, 0, 0, 0, 0, 0
2, 2400.00000, 2520.87, -0.0219914, 0, 0, 0, 0, 0, 0
2, 2460.00000, 2520.88, -0.0218508, 0, 0, 0, 0, 0, 0
2, 2520.00000, 2520.88, -0.0217102, 0, 0, 0, 0, 0, 0
2, 2580.00000, 2520.89, -0.0215697, 0, 0, 0, 0, 0, 0
2, 2640.00000, 2520.9, -0.0214293, 0, 0, 0, 0, 0, 0
2, 2700.00000, 2520.9, -0.0212888, 0, 0, 0, 0, 0, 0
2, 2760.00000, 2520.91, -0.0211484, 0, 0, 0, 0, 0, 0
2, 2820.00000, 2520.92, -0.021008, 0, 0, 0, 0, 0, 0
2, 2880.00000, 2520.92, -0.0208676, 0, 0, 0, 0, 0, 0
2, 2940.00000, 2520.93, -0.0207273, 0, 0, 0, 0, 0, 0
2, 3000.00000, 2520.94, -0.020587, 0, 0, 0, 0, 0, 0
2, 3060.00000, 2520.94, -0.0204467, 0, 0, 0, 0, 0, 0
2, 3120.00000, 2520.95, -0.0203065, 0, 0, 0, 0, 0, 0
2, 3180.00000, 2520.96, -0.0201663, 0, 0, 0, 0, 0, 0
2, 3240.00000, 2520.96, -0.0200261, 0, 0, 0, 0, 0, 0
2, 3300.00000, 2520.97, -0.019886, 0, 0, 0, 0, 0, 0
2, 3360.00000, 2520.98, -0.0197458, 0, 0, 0, 0, 0, 0
2, 3420.00000, 2520.98, -0.0196058, 0, 0, 0, 0, 0, 0
2, 3480.00000, 2520.99, -0.0194657, 0, 0, 0, 0, 0, 0
2, 3540.00000, 2521, -0.0193257, 0, 0, 0, 0, 0, 0
3, 0.00000, 2521, -0.0191857, 0, 0, 0, 0, 0, 0
3, 60.00000, 2521, -0.0193054, 0, 0, 0, 0, 0, 0
3, 120.00000, 2520.99, -0.019427, 0, 0, 0, 0, 0, 0
3, 180.00000, 2520.99, -0.0195486, 0, 0, 0, 0, 0, 0
3, 240.00000, 2520.98, -0.0196702, 0, 0, 0, 0, 0, 0
3, 300.00000, 2520.98, -0.0197919, 0, 0, 0, 0, 0, 0
3, 360.00000, 2520.97, -0.0199136, 0, 0, 0, 0, 0, 0
3, 420.00000, 2520.96, -0.0200353, 0, 0, 0, 0, 0, 0
3, 480.00000, 2520.96, -0.020157, 0, 0, 0, 0, 0, 0
3, 540.00000, 2520.95, -0.0202787, 0, 0, 0, 0, 0, 0
3, 600.00000, 2520.95, -0.0204005, 0, 0, 0, 0, 0, 0
3, 660.00000, 2520.94, -0.0205223, 0, 0, 0, 0, 0, 0
3, 720.00000, 2520.94, -0.0206441, 0, 0, 0, 0, 0, 0
3, 780.00000, 2520.93, -0.020766, 0, 0, 0, 0, 0, 0
3, 840.00000, 2520.92, -0.0208878, 0, 0, 0, 0, 0, 0
3, 900.00000, 2520.92, -0.0210097, 0, 0, 0, 0, 0, 0
3, 960.00000, 2520.91, -0.0211316, 0, 0, 0, 0, 0, 0
3, 1020.00000, 2520.91, -0.0212535, 0, 0, 0, 0, 0, 0
3, 1080.00000, 2520.9, -0.0213755, 0, 0, 0, 0, 0, 0
3, 1140.00000, 2520.89, -0.0214975, 0, 0, 0, 0, 0, 0
3, 1200.00000, 2520.89, -0.0216195, 0, 0, 0, 0, 0, 0
3, 1260.00000, 2520.88, -0.0217415, 0, 0, 0, 0, 0, 0
3, 1320.00000, 2520.88, -0.0218635, 0, 0, 0, 0, 0, 0
3, 1380.00000, 2520.87, -0.0219856, 0, 0, 0, 0, 0, 0
3, 1440.00000, 2520.86, -0.0221077, 0, 0, 0, 0, 0, 0
3, 1500.00000, 2520.86, -0.0222298, 0, 0, 0, 0, 0, 0
3, 1560.00000, 2520.85, -0.0223519, 0, 0, 0, 0, 0, 0
3, 1620.00000, 2520.85, -0.0224741, 0, 0, 0, 0, 0, 0
3, 1680.00000, 2520.84, -0.0225963, 0, 0, 0, 0, 0, 0
3, 1740.00000, 2520.84, -0.0227185, 0, 0, 0, 0, 0, 0
3, 1800.00000, 2520.83, -0.0228407, 0, 0, 0, 0, 0, 0
3, 1860.00000, 2520.82, -0.022963, 0, 0, 0, 0, 0, 0
3, 1920.00000, 2520.82, -0.0230852, 0, 0, 0, 0, 0, 0
3, 1980.00000, 2520.81, -0.0232075, 0, 0, 0, 0, 0, 0
3, 2040.00000, 2520.81, -0.0233299, 0, 0, 0, 0, 0, 0
3, 2100.00000, 2520.8, -0.0234522, 0, 0, 0, 0, 0, 0
3, 2160.00000, 2520.79, -0.0235746, 0, 0, 0, 0, 0, 0
3, 2220.00000, 2520.79, -0.023697, 0, 0, 0, 0, 0, 0
3, 2280.00000, 2520.78, -0.0238194, 0, 0, 0, 0, 0, 0
3, 2340.00000, 2520.78, -0.0239418, 0, 0, 0, 0, 0, 0
3, 2400.00000, 2520.77, -0.0240643, 0, 0, 0, 0, 0, 0
3, 2460.00000, 2520.76, -0.0241868, 0, 0, 0, 0, 0, 0
3, 2520.00000, 2520.76, -0.0243093, 0, 0, 0, 0, 0, 0
3, 2580.00000, 2520.75, -0.0244318, 0, 0, 0, 0, 0, 0
3, 2640.00000, 2520.75, -0.0245544, 0, 0, 0, 0, 0, 0
3, 2700.00000, 2520.74, -0.024677, 0, 0, 0, 0, 0, 0
3, 2760.00000, 2520.73, -0.0247996, 0, 0, 0, 0, 0, 0
3, 2820.00000, 2520.73, -0.0249222, 0, 0, 0, 0, 0, 0
3, 2880.00000, 2520.72, -0.0250448, 0, 0, 0, 0, 0, 0
3, 2940.00000, 2520.72, -0.0251675, 0, 0, 0, 0, 0, 0
3, 3000.00000, 2520.71, -0.0252902, 0, 0, 0, 0, 0, 0
3, 3060.00000, 2520.7, -0.025413, 0, 0, 0, 0, 0, 0
3, 3120.00000, 2520.7, -0.0255357, 0, 0, 0, 0, 0, 0
3, 3180.00000, 2520.69, -0.0256585, 0, 0, 0, 0, 0, 0
3, 3240.00000, 2520.69, -0.0257813, 0, 0, 0, 0, 0, 0
3, 3300.00000, 2520.68, -0.0259041, 0, 0, 0, 0, 0, 0
3, 3360.00000, 2520.67, -0.0260269, 0, 0, 0, 0, 0, 0
3, 3420.00000, 2520.67, -0.0261498, 0, 0, 0, 0, 0, 0
3, 3480.00000, 2520.66, -0.0262727, 0, 0, 0, 0, 0, 0
3, 3540.00000, 2520.66, -0.0263956, 0, 0, 0, 0, 0, 0
4, 0.00000, 2520.65, -0.0265186, 0, 0, 0, 0, 0, 0
4, 60.00000, 2520.65, -0.0264789, 0, 0, 0, 0, 0, 0
4, 120.00000, 2520.65, -0.0264375, 0, 0, 0, 0, 0, 0
4, 180.00000, 2520.66, -0.0263962, 0, 0, 0, 0, 0, 0
4, 240.00000, 2520.66, -0.0263549, 0, 0, 0, 0, 0, 0
4, 300.00000, 2520.66, -0.0263135, 0, 0, 0, 0, 0, 0
4, 360.00000, 2520.66, -0.0262722, 0, 0, 0, 0, 0, 0
4, 420.00000, 2520.66, -0.0262309, 0, 0, 0, 0, 0, 0
4, 480.00000, 2520.67, -0.0261896, 0, 0, 0, 0, 0, 0
4, 540.00000, 2520.67, -0.0261482, 0, 0, 0, 0, 0, 0
4, 600.00000, 2520.67, -0.0261069, 0, 0, 0, 0, 0, 0
4, 660.00000, 2520.67, -0.0260656, 0, 0, 0, 0, 0, 0
4, 720.00000, 2520.67, -0.0260243, 0, 0, 0, 0, 0, 0
4, 780.00000, 2520.68, -0.025983, 0, 0, 0, 0, 0, 0
4, 840.00000, 2520.68, -0.0259417, 0, 0, 0, 0, 0, 0
4, 900.00000, 2520.68, -0.0259004, 0, 0, 0, 0, 0, 0
4, 960.00000, 2520.68, -0.0258591, 0, 0, 0, 0, 0, 0
4, 1020.00000, 2520.68, -0.0258178, 0, 0, 0, 0, 0, 0
4, 1080.00000, 2520.69, -0.0257765, 0, 0, 0, 0, 0, 0
4, 1140.00000, 2520.69, -0.0257352, 0, 0, 0, 0, 0, 0
4, 1200.00000, 2520.69, -0.0256939, 0, 0, 0, 0, 0, 0
4, 1260.00000, 2520.69, -0.0256526, 0, 0, 0, 0, 0, 0
4, 1320.00000, 2520.69, -0.0256113, 0, 0, 0, 0, 0, 0
4, 1380.00000, 2520.7, -0.0255701, 0, 0, 0, 0, 0, 0
4, 1440.00000, 2520.7, -0.0255288, 0, 0, 0, 0, 0, 0
4, 1500.00000, 2520.7, -0.0254875, 0, 0, 0, 0, 0, 0
4, 1560.00000, 2520.7, -0.0254462, 0, 0, 0, 0, 0, 0
4, 1620.00000, 2520.7, -0.025405, 0, 0, 0, 0, 0, 0
4, 1680.00000, 2520.71, -0.0253637, 0, 0, 0, 0, 0, 0
4, 1740.00000, 2520.71, -0.0253224, 0, 0, 0, 0, 0, 0
4, 1800.00000, 2520.71, -0.0252812, 0, 0, 0, 0, 0, 0
4, 1860.00000, 2520.71, -0.0252399, 0, 0, 0, 0, 0, 0
4, 1920.00000, 2520.71, -0.0251987, 0, 0, 0, 0, 0, 0
4, 1980.00000, 2520.72, -0.0251574, 0, 0, 0, 0, 0, 0
4, 2040.00000, 2520.72, -0.0251162, 0, 0, 0, 0, 0, 0
4, 2100.00000, 2520.72, -0.0250749, 0, 0, 0, 0, 0, 0
4, 2160.00000, 2520.72, -0.0250337, 0, 0, 0, 0, 0, 0
4, 2220.00000, 2520.73, -0.0249924, 0, 0, 0, 0, 0, 0
4, 2280.00000, 2520.73, -0.0249512, 0, 0, 0, 0, 0, 0
4, 2340.00000, 2520.73, -0.0249099, 0, 0, 0, 0, 0, 0
4, 2400.00000, 2520.73, -0.0248687, 0, 0, 0, 0, 0, 0
4, 2460.00000, 2520.73, -0.0248275, 0, 0, 0, 0, 0, 0
4, 2520.00000, 2520.74, -0.0247862, 0, 0, 0, 0, 0, 0
4, 2580.00000, 2520.74, -0.024745, 0, 0, 0, 0, 0, 0
4, 2640.00000, 2520.74, -0.0247038, 0, 0, 0, 0, 0, 0
4, 2700.00000, 2520.74, -0.0246626, 0, 0, 0, 0, 0, 0
4, 2760.00000, 2520.74, -0.0246214, 0, 0, 0, 0, 0, 0
4, 2820.00000, 2520.75, -0.0245801, 0, 0, 0, 0, 0, 0
4, 2880.00000, 2520.75, -0.0245389, 0, 0, 0, 0, 0, 0
4, 2940.00000, 2520.75, -0.0244977, 0, 0, 0, 0, 0, 0
4, 3000.00000, 2520.75, -0.0244565, 0, 0, 0, 0, 0, 0
4, 3060.00000, 2520.75, -0.0244153, 0, 0, 0, 0, 0, 0
4, 3120.00000, 2520.76, -0.0243741, 0, 0, 0, 0, 0, 0
4, 3180.00000, 2520.76, -0.0243329, 0, 0, 0, 0, 0, 0
4, 3240.00000, 2520.76, -0.0242917, 0, 0, 0, 0, 0, 0
4, 3300.00000, 2520.76, -0.0242505, 0, 0, 0, 0, 0, 0
4, 3360.00000, 2520.76, -0.0242093, 0, 0, 0, 0, 0, 0
4, 3420.00000, 2520.77, -0.0241681, 0, 0, 0, 0, 0, 0
4, 3480.00000, 2520.77, -0.0241269, 0, 0, 0, 0, 0, 0
4, 3540.00000, 2520.77, -0.0240858, 0, 0, 0, 0, 0, 0
5, 0.00000, 2520.77, -0.0240446, 0, 0, 0, 0, 0, 0
5, 60.00000, 2520.77, -0.0240122, 0, 0, 0, 0, 0, 0
5, 120.00000, 2520.77, -0.0239799, 0, 0, 0, 0, 0, 0
5, 180.00000, 2520.78, -0.0239476, 0, 0, 0, 0, 0, 0
5, 240.00000, 2520.78, -0.0239153, 0, 0, 0, 0, 0, 0
5, 300.00000, 2520.78, -0.023883, 0, 0, 0, 0, 0, 0
5, 360.00000, 2520.78, -0.0238507, 0, 0, 0, 0, 0, 0
5, 420.00000, 2520.78, -0.0238184, 0, 0, 0, 0, 0, 0
5, 480.00000, 2520.78, -0.0237861, 0, 0, 0, 0, 0, 0
5, 540.00000, 2520.79, -0.0237538, 0, 0, 0, 0, 0, 0
5, 600.00000, 2520.79, -0.0237215, 0, 0, 0, 0, 0, 0
5, 660.00000, 2520.79, -0.0236892, 0, 0, 0, 0, 0, 0
5, 720.00000, 2520.79, -0.0236569, 0, 0, 0, 0, 0, 0
5, 780.00000, 2520.79, -0.0236246, 0, 0, 0, 0, 0, 0
5, 840.00000, 2520.79, -0.0235923, 0, 0, 0, 0, 0, 0
5, 900.00000, 2520.79, -0.0235601, 0, 0, 0, 0, 0, 0
5, 960.00000, 2520.8, -0.0235278, 0, 0, 0, 0, 0, 0
5, 1020.00000, 2520.8, -0.0234955, 0, 0, 0, 0, 0, 0
5, 1080.00000, 2520.8, -0.0234632, 0, 0, 0, 0, 0, 0
5, 1140.00000, 2520.8, -0.0234309, 0, 0, 0, 0, 0, 0
5, 1200.00000, 2520.8, -0.0233987, 0, 0, 0, 0, 0, 0
5, 1260.00000, 2520.8, -0.0233664, 0, 0, 0, 0, 0, 0
5, 1320.00000, 2520.81, -0.0233341, 0, 0, 0, 0, 0, 0
5, 1380.00000, 2520.81, -0.0233018, 0, 0, 0, 0, 0, 0
5, 1440.00000, 2520.81, -0.0232696, 0, 0, 0, 0, 0, 0
5, 1500.00000, 2520.81, -0.0232373, 0, 0, 0, 0, 0, 0
5, 1560.00000, 2520.81, -0.023205, 0, 0, 0, 0, 0, 0
5, 1620.00000, 2520.81, -0.0231728, 0, 0, 0, 0, 0, 0
5, 1680.00000, 2520.81, -0.0231405, 0, 0, 0, 0, 0, 0
5, 1740.00000, 2520.82, -0.0231082, 0, 0, 0, 0, 0, 0
5, 1800.00000, 2520.82, -0.023076, 0, 0, 0, 0, 0, 0
5, 1860.00000, 2520.82, -0.0230437, 0, 0, 0, 0, 0, 0
5, 1920.00000, 2520.82, -0.0230115, 0, 0, 0, 0, 0, 0
5, 1980.00000, 2520.82, -0.0229792, 0, 0, 0, 0, 0, 0
5, 2040.00000, 2520.82, -0.0229469, 0, 0, 0, 0, 0, 0
5, 2100.00000, 2520.83, -0.0229147, 0, 0, 0, 0, 0, 0
5, 2160.00000, 2520.83, -0.0228824, 0, 0, 0, 0, 0, 0
5, 2220.00000, 2520.83, -0.0228502, 0, 0, 0, 0, 0, 0
5, 2280.00000, 2520.83, -0.0228179, 0, 0, 0, 0, 0, 0
5, 2340.00000, 2520.83, -0.0227857, 0, 0, 0, 0, 0, 0
5, 2400.00000, 2520.83, -0.0227535, 0, 0, 0, 0, 0, 0
5, 2460.00000, 2520.84, -0.0227212, 0, 0, 0, 0, 0, 0
5, 2520.00000, 2520.84, -0.022689, 0, 0, 0, 0, 0, 0
5, 2580.00000, 2520.84, -0.0226567, 0, 0, 0, 0, 0, 0
5, 2640.00000, 2520.84, -0.0226245, 0, 0, 0, 0, 0, 0
5, 2700.00000, 2520.84, -0.0225923, 0, 0, 0, 0, 0, 0
5, 2760.00000, 2520.84, -0.02256, 0, 0, 0, 0, 0, 0
5, 2820.00000, 2520.84, -0.0225278, 0, 0, 0, 0, 0, 0
5, 2880.00000, 2520.85, -0.0224956, 0, 0, 0, 0, 0, 0
5, 2940.00000, 2520.85, -0.0224633, 0, 0, 0, 0, 0, 0
5, 3000.00000, 2520.85, -0.0224311, 0, 0, 0, 0, 0, 0
5, 3060.00000, 2520.85, -0.0223989, 0, 0, 0, 0, 0, 0
5, 3120.00000, 2520.85, -0.0223666, 0, 0, 0, 0, 0, 0
5, 3180.00000, 2520.85, -0.0223344, 0, 0, 0, 0, 0, 0
5, 3240.00000, 2520.86, -0.0223022, 0, 0, 0, 0, 0, 0
5, 3300.00000, 2520.86, -0.02227, 0, 0, 0, 0, 0, 0
5, 3360.00000, 2520.86, -0.0222378, 0, 0, 0, 0, 0, 0
5, 3420.00000, 2520.86, -0.0222055, 0, 0, 0, 0, 0, 0
5, 3480.00000, 2520.86, -0.0221733, 0, 0, 0, 0, 0, 0
5, 3540.00000, 2520.86, -0.0221411, 0, 0, 0, 0, 0, 0
6, 0.00000, 2520.86, -0.0221089, 0, 0, 0, 0, 0, 0
6, 60.00000, 2520.86, -0.0221897, 0, 0, 0, 0, 0, 0
6, 120.00000, 2520.86, -0.0222713, 0, 0, 0, 0, 0, 0
6, 180.00000, 2520.85, -0.022353, 0, 0, 0, 0, 0, 0
6, 240.00000, 2520.85, -0.0224347, 0, 0, 0, 0, 0, 0
6, 300.00000, 2520.85, -0.0225165, 0, 0, 0, 0, 0, 0
6, 360.00000, 2520.84, -0.0225982, 0, 0, 0, 0, 0, 0
6, 420.00000, 2520.84, -0.0226799, 0, 0, 0, 0, 0, 0
6, 480.00000, 2520.83, -0.0227617, 0, 0, 0, 0, 0, 0
6, 540.00000, 2520.83, -0.0228434, 0, 0, 0, 0, 0, 0
6, 600.00000, 2520.83, -0.0229252, 0, 0, 0, 0, 0, 0
6, 660.00000, 2520.82, -0.023007, 0, 0, 0, 0, 0, 0
6, 720.00000, 2520.82, -0.0230888, 0, 0, 0, 0, 0, 0
6, 780.00000, 2520.81, -0.0231706, 0, 0, 0, 0, 0, 0
6, 840.00000, 2520.81, -0.0232524, 0, 0, 0, 0, 0, 0
6, 900.00000, 2520.81, -0.0233342, 0, 0, 0, 0, 0, 0
6, 960.00000, 2520.8, -0.023416, 0, 0, 0, 0, 0, 0
6, 1020.00000, 2520.8, -0.0234979, 0, 0, 0, 0, 0, 0
6, 1080.00000, 2520.79, -0.0235797, 0, 0, 0, 0, 0, 0
6, 1140.00000, 2520.79, -0.0236616, 0, 0, 0, 0, 0, 0
6, 1200.00000, 2520.79, -0.0237435, 0, 0, 0, 0, 0, 0
6, 1260.00000, 2520.78, -0.0238253, 0, 0, 0, 0, 0, 0
6, 1320.00000, 2520.78, -0.0239072, 0, 0, 0, 0, 0, 0
6, 1380.00000, 2520.77, -0.0239891, 0, 0, 0, 0, 0, 0
6, 1440.00000, 2520.77, -0.0240711, 0, 0, 0, 0, 0, 0
6, 1500.00000, 2520.77, -0.024153, 0, 0, 0, 0, 0, 0
6, 1560.00000, 2520.76, -0.0242349, 0, 0, 0, 0, 0, 0
6, 1620.00000, 2520.76, -0.0243169, 0, 0, 0, 0, 0, 0
6, 1680.00000, 2520.75, -0.0243988, 0, 0, 0, 0, 0, 0
6, 1740.00000, 2520.75, -0.0244808, 0, 0, 0, 0, 0, 0
6, 1800.00000, 2520.75, -0.0245628, 0, 0, 0, 0, 0, 0
6, 1860.00000, 2520.74, -0.0246448, 0, 0, 0, 0, 0, 0
6, 1920.00000, 2520.74, -0.0247268, 0, 0, 0, 0, 0, 0
6, 1980.00000, 2520.73, -0.0248088, 0, 0, 0, 0, 0, 0
6, 2040.00000, 2520.73, -0.0248908, 0, 0, 0, 0, 0, 0
6, 2100.00000, 2520.73, -0.0249728, 0, 0, 0, 0, 0, 0
6, 2160.00000, 2520.72, -0.0250549, 0, 0, 0, 0, 0, 0
6, 2220.00000, 2520.72, -0.0251369, 0, 0, 0, 0, 0, 0
6, 2280.00000, 2520.71, -0.025219, 0, 0, 0, 0, 0, 0
6, 2340.00000, 2520.71, -0.0253011, 0, 0, 0, 0, 0, 0
6, 2400.00000, 2520.71, -0.0253832, 0, 0, 0, 0, 0, 0
6, 2460.00000, 2520.7, -0.0254653, 0, 0, 0, 0, 0, 0
6, 2520.00000, 2520.7, -0.0255474, 0, 0, 0, 0, 0, 0
6, 2580.00000, 2520.69, -0.0256295, 0, 0, 0, 0, 0, 0
6, 2640.00000, 2520.69, -0.0257116, 0, 0, 0, 0, 0, 0
6, 2700.00000, 2520.69, -0.0257938, 0, 0, 0, 0, 0, 0
6, 2760.00000, 2520.68, -0.0258759, 0, 0, 0, 0, 0, 0
6, 2820.00000, 2520.68, -0.0259581, 0, 0, 0, 0, 0, 0
6, 2880.00000, 2520.67, -0.0260402, 0, 0, 0, 0, 0, 0
6, 2940.00000, 2520.67, -0.0261224, 0, 0, 0, 0, 0, 0
6, 3000.00000, 2520.67, -0.0262046, 0, 0, 0, 0, 0, 0
6, 3060.00000, 2520.66, -0.0262868, 0, 0, 0, 0, 0, 0
6, 3120.00000, 2520.66, -0.026369, 0, 0, 0, 0, 0, 0
6, 3180.00000, 2520.65, -0.0264513, 0, 0, 0, 0, 0, 0
6, 3240.00000, 2520.65, -0.0265335, 0, 0, 0, 0, 0, 0
6, 3300.00000, 2520.65, -0.0266158, 0, 0, 0, 0, 0, 0
6, 3360.00000, 2520.64, -0.026698, 0, 0, 0, 0, 0, 0
6, 3420.00000, 2520.64, -0.0267803, 0, 0, 0, 0, 0, 0
6, 3480.00000, 2520.63, -0.0268626, 0, 0, 0, 0, 0, 0
6, 3540.00000, 2520.63, -0.0269449, 0, 0, 0, 0, 0, 0
7, 0.00000, 2520.63, -0.0270272, 0, 0, 0, 0, 0, 0
7, 60.00000, 2520.63, -0.0269609, 0, 0, 0, 0, 0, 0
7, 120.00000, 2520.63, -0.0268932, 0, 0, 0, 0, 0, 0
7, 180.00000, 2520.64, -0.0268255, 0, 0, 0, 0, 0, 0
7, 240.00000, 2520.64, -0.0267577, 0, 0, 0, 0, 0, 0
7, 300.00000, 2520.64, -0.02669, 0, 0, 0, 0, 0, 0
7, 360.00000, 2520.65, -0.0266223, 0, 0, 0, 0, 0, 0
7, 420.00000, 2520.65, -0.0265545, 0, 0, 0, 0, 0, 0
7, 480.00000, 2520.65, -0.0264868, 0, 0, 0, 0, 0, 0
7, 540.00000, 2520.66, -0.0264191, 0, 0, 0, 0, 0, 0
7, 600.00000, 2520.66, -0.0263514, 0, 0, 0, 0, 0, 0
7, 660.00000, 2520.66, -0.0262837, 0, 0, 0, 0, 0, 0
7, 720.00000, 2520.67, -0.0262161, 0, 0, 0, 0, 0, 0
7, 780.00000, 2520.67, -0.0261484, 0, 0, 0, 0, 0, 0
7, 840.00000, 2520.67, -0.0260807, 0, 0, 0, 0, 0, 0
7, 900.00000, 2520.68, -0.0260131, 0, 0, 0, 0, 0, 0
7, 960.00000, 2520.68, -0.0259454, 0, 0, 0, 0, 0, 0
7, 1020.00000, 2520.68, -0.0258778, 0, 0, 0, 0, 0, 0
7, 1080.00000, 2520.68, -0.0258101, 0, 0, 0, 0, 0, 0
7, 1140.00000, 2520.69, -0.0257425, 0, 0, 0, 0, 0, 0
7, 1200.00000, 2520.69, -0.0256749, 0, 0, 0, 0, 0, 0
7, 1260.00000, 2520.69, -0.0256073, 0, 0, 0, 0, 0, 0
7, 1320.00000, 2520.7, -0.0255397, 0, 0, 0, 0, 0, 0
7, 1380.00000, 2520.7, -0.0254721, 0, 0, 0, 0, 0, 0
7, 1440.00000, 2520.7, -0.0254045, 0, 0, 0, 0, 0, 0
7, 1500.00000, 2520.71, -0.0253369, 0, 0, 0, 0, 0, 0
7, 1560.00000, 2520.71, -0.0252693, 0, 0, 0, 0, 0, 0
7, 1620.00000, 2520.71, -0.0252018, 0, 0, 0, 0, 0, 0
7, 1680.00000, 2520.72, -0.0251342, 0, 0, 0, 0, 0, 0
7, 1740.00000, 2520.72, -0.0250666, 0, 0, 0, 0, 0, 0
7, 1800.00000, 2520.72, -0.0249991, 0, 0, 0, 0, 0, 0
7, 1860.00000, 2520.73, -0.0249315, 0, 0, 0, 0, 0, 0
7, 1920.00000, 2520.73, -0.024864, 0, 0, 0, 0, 0, 0
7, 1980.00000, 2520.73, -0.0247965, 0, 0, 0, 0, 0, 0
7, 2040.00000, 2520.74, -0.024729, 0, 0, 0, 0, 0, 0
7, 2100.00000, 2520.74, -0.0246615, 0, 0, 0, 0, 0, 0
7, 2160.00000, 2520.74, -0.024594, 0, 0, 0, 0, 0, 0
7, 2220.00000, 2520.75, -0.0245265, 0, 0, 0, 0, 0, 0
7, 2280.00000, 2520.75, -0.024459, 0, 0, 0, 0, 0, 0
7, 2340.00000, 2520.75, -0.0243915, 0, 0, 0, 0, 0, 0
7, 2400.00000, 2520.76, -0.024324, 0, 0, 0, 0, 0, 0
7, 2460.00000, 2520.76, -0.0242566, 0, 0, 0, 0, 0, 0
7, 2520.00000, 2520.76, -0.0241891, 0, 0, 0, 0, 0, 0
7, 2580.00000, 2520.77, -0.0241216, 0, 0, 0, 0, 0, 0
7, 2640.00000, 2520.77, -0.0240542, 0, 0, 0, 0, 0, 0
7, 2700.00000, 2520.77, -0.0239868, 0, 0, 0, 0, 0, 0
7, 2760.00000, 2520.78, -0.0239193, 0, 0, 0, 0, 0, 0
7, 2820.00000, 2520.78, -0.0238519, 0, 0, 0, 0, 0, 0
7, 2880.00000, 2520.78, -0.0237845, 0, 0, 0, 0, 0, 0
7, 2940.00000, 2520.79, -0.0237171, 0, 0, 0, 0, 0, 0
7, 3000.00000, 2520.79, -0.0236497, 0, 0, 0, 0, 0, 0
7, 3060.00000, 2520.79, -0.0235823, 0, 0, 0, 0, 0, 0
7, 3120.00000, 2520.8, -0.0235149, 0, 0, 0, 0, 0, 0
7, 3180.00000, 2520.8, -0.0234475, 0, 0, 0, 0, 0, 0
7, 3240.00000, 2520.8, -0.0233801, 0, 0, 0, 0, 0, 0
7, 3300.00000, 2520.81, -0.0233128, 0, 0, 0, 0, 0, 0
7, 3360.00000, 2520.81, -0.0232454, 0, 0, 0, 0, 0, 0
7, 3420.00000, 2520.81, -0.0231781, 0, 0, 0, 0, 0, 0
7, 3480.00000, 2520.82, -0.0231107, 0, 0, 0, 0, 0, 0
7, 3540.00000, 2520.82, -0.0230434, 0, 0, 0, 0, 0, 0
8, 0.00000, 2520.82, -0.022976, 0, 0, 0, 0, 0, 0
8, 60.00000, 2520.83, -0.0229319, 0, 0, 0, 0, 0, 0
8, 120.00000, 2520.83, -0.022888, 0, 0, 0, 0, 0, 0
8, 180.00000, 2520.83, -0.0228442, 0, 0, 0, 0, 0, 0
8, 240.00000, 2520.83, -0.0228003, 0, 0, 0, 0, 0, 0
8, 300.00000, 2520.83, -0.0227564, 0, 0, 0, 0, 0, 0
8, 360.00000, 2520.84, -0.0227125, 0, 0, 0, 0, 0, 0
8, 420.00000, 2520.84, -0.0226686, 0, 0, 0, 0, 0, 0
8, 480.00000, 2520.84, -0.0226247, 0, 0, 0, 0, 0, 0
8, 540.00000, 2520.84, -0.0225809, 0, 0, 0, 0, 0, 0
8, 600.00000, 2520.84, -0.022537, 0, 0, 0, 0, 0, 0
8, 660.00000, 2520.85, -0.0224931, 0, 0, 0, 0, 0, 0
8, 720.00000, 2520.85, -0.0224492, 0, 0, 0, 0, 0, 0
8, 780.00000, 2520.85, -0.0224054, 0, 0, 0, 0, 0, 0
8, 840.00000, 2520.85, -0.0223615, 0, 0, 0, 0, 0, 0
8, 900.00000, 2520.85, -0.0223177, 0, 0, 0, 0, 0, 0
8, 960.00000, 2520.86, -0.0222738, 0, 0, 0, 0, 0, 0
8, 1020.00000, 2520.86, -0.02223, 0, 0, 0, 0, 0, 0
8, 1080.00000, 2520.86, -0.0221861, 0, 0, 0, 0, 0, 0
8, 1140.00000, 2520.86, -0.0221423, 0, 0, 0, 0, 0, 0
8, 1200.00000, 2520.87, -0.0220984, 0, 0, 0, 0, 0, 0
8, 1260.00000, 2520.87, -0.0220546, 0, 0, 0, 0, 0, 0
8, 1320.00000, 2520.87, -0.0220107, 0, 0, 0, 0, 0, 0
8, 1380.00000, 2520.87, -0.0219669, 0, 0, 0, 0, 0, 0
8, 1440.00000, 2520.87, -0.0219231, 0, 0, 0, 0, 0, 0
8, 1500.00000, 2520.88, -0.0218792, 0, 0, 0, 0, 0, 0
8, 1560.00000, 2520.88, -0.0218354, 0, 0, 0, 0, 0, 0
8, 1620.00000, 2520.88, -0.0217916, 0, 0, 0, 0, 0, 0
8, 1680.00000, 2520.88, -0.0217478, 0, 0, 0, 0, 0, 0
8, 1740.00000, 2520.88, -0.021704, 0, 0, 0, 0, 0, 0
8, 1800.00000, 2520.89, -0.0216602, 0, 0, 0, 0, 0, 0
8, 1860.00000, 2520.89, -0.0216163, 0, 0, 0, 0, 0, 0
8, 1920.00000, 2520.89, -0.0215725, 0, 0, 0, 0, 0, 0
8, 1980.00000, 2520.89, -0.0215287, 0, 0, 0, 0, 0, 0
8, 2040.00000, 2520.89, -0.0214849, 0, 0, 0, 0, 0, 0
8, 2100.00000, 2520.9, -0.0214411, 0, 0, 0, 0, 0, 0
8, 2160.00000, 2520.9, -0.0213973, 0, 0, 0, 0, 0, 0
8, 2220.00000, 2520.9, -0.0213535, 0, 0, 0, 0, 0, 0
8, 2280.00000, 2520.9, -0.0213098, 0, 0, 0, 0, 0, 0
8, 2340.00000, 2520.91, -0.021266, 0, 0, 0, 0, 0, 0
8, 2400.00000, 2520.91, -0.0212222, 0, 0, 0, 0, 0, 0
8, 2460.00000, 2520.91, -0.0211784, 0, 0, 0, 0, 0, 0
8, 2520.00000, 2520.91, -0.0211346, 0, 0, 0, 0, 0, 0
8, 2580.00000, 2520.91, -0.0210908, 0, 0, 0, 0, 0, 0
8, 2640.00000, 2520.92, -0.0210471, 0, 0, 0, 0, 0, 0
8, 2700.00000, 2520.92, -0.0210033, 0, 0, 0, 0, 0, 0
8, 2760.00000, 2520.92, -0.0209595, 0, 0, 0, 0, 0, 0
8, 2820.00000, 2520.92, -0.0209158, 0, 0, 0, 0, 0, 0
8, 2880.00000, 2520.92, -0.020872, 0, 0, 0, 0, 0, 0
8, 2940.00000, 2520.93, -0.0208283, 0, 0, 0, 0, 0, 0
8, 3000.00000, 2520.93, -0.0207845, 0, 0, 0, 0, 0, 0
8, 3060.00000, 2520.93, -0.0207408, 0, 0, 0, 0, 0, 0
8, 3120.00000, 2520.93, -0.020697, 0, 0, 0, 0, 0, 0
8, 3180.00000, 2520.93, -0.0206533, 0, 0, 0, 0, 0, 0
8, 3240.00000, 2520.94, -0.0206095, 0, 0, 0, 0, 0, 0
8, 3300.00000, 2520.94, -0.0205658, 0, 0, 0, 0, 0, 0
8, 3360.00000, 2520.94, -0.020522, 0, 0, 0, 0, 0, 0
8, 3420.00000, 2520.94, -0.0204783, 0, 0, 0, 0, 0, 0
8, 3480.00000, 2520.94, -0.0204346, 0, 0, 0, 0, 0, 0
8, 3540.00000, 2520.95, -0.0203908, 0, 0, 0, 0, 0, 0
9, 0.00000, 2520.95, -0.0203471, 0, 0, 0, 0, 0, 0
9, 60.00000, 2520.95, -0.0204333, 0, 0, 0, 0, 0, 0
9, 120.00000, 2520.94, -0.0205205, 0, 0, 0, 0, 0, 0
9, 180.00000, 2520.94, -0.0206077, 0, 0, 0, 0, 0, 0
9, 240.00000, 2520.93, -0.0206949, 0, 0, 0, 0, 0, 0
9, 300.00000, 2520.93, -0.0207822, 0, 0, 0, 0, 0, 0
9, 360.00000, 2520.92, -0.0208694, 0, 0, 0, 0, 0, 0
9, 420.00000, 2520.92, -0.0209567, 0, 0, 0, 0, 0, 0
9, 480.00000, 2520.92, -0.0210439, 0, 0, 0, 0, 0, 0
9, 540.00000, 2520.91, -0.0211312, 0, 0, 0, 0, 0, 0
9, 600.00000, 2520.91, -0.0212185, 0, 0, 0, 0, 0, 0
9, 660.00000, 2520.9, -0.0213058, 0, 0, 0, 0, 0, 0
9, 720.00000, 2520.9, -0.0213931, 0, 0, 0, 0, 0, 0
9, 780.00000, 2520.9, -0.0214804, 0, 0, 0, 0, 0, 0
9, 840.00000, 2520.89, -0.0215678, 0, 0, 0, 0, 0, 0
9, 900.00000, 2520.89, -0.0216551, 0, 0, 0, 0, 0, 0
9, 960.00000, 2520.88, -0.0217425, 0, 0, 0, 0, 0, 0
9, 1020.00000, 2520.88, -0.0218298, 0, 0, 0, 0, 0, 0
9, 1080.00000, 2520.87, -0.0219172, 0, 0, 0, 0, 0, 0
9, 1140.00000, 2520.87, -0.0220046, 0, 0, 0, 0, 0, 0
9, 1200.00000, 2520.87, -0.022092, 0, 0, 0, 0, 0, 0
9, 1260.00000, 2520.86, -0.0221794, 0, 0, 0, 0, 0, 0
9, 1320.00000, 2520.86, -0.0222669, 0, 0, 0, 0, 0, 0
9, 1380.00000, 2520.85, -0.0223543, 0, 0, 0, 0, 0, 0
9, 1440.00000, 2520.85, -0.0224418, 0, 0, 0, 0, 0, 0
9, 1500.00000, 2520.84, -0.0225292, 0, 0, 0, 0, 0, 0
9, 1560.00000, 2520.84, -0.0226167, 0, 0, 0, 0, 0, 0
9, 1620.00000, 2520.84, -0.0227042, 0, 0, 0, 0, 0, 0
9, 1680.00000, 2520.83, -0.0227917, 0, 0, 0, 0, 0, 0
9, 1740.00000, 2520.83, -0.0228792, 0, 0, 0, 0, 0, 0
9, 1800.00000, 2520.82, -0.0229667, 0, 0, 0, 0, 0, 0
9, 1860.00000, 2520.82, -0.0230543, 0, 0, 0, 0, 0, 0
9, 1920.00000, 2520.81, -0.0231418, 0, 0, 0, 0, 0, 0
9, 1980.00000, 2520.81, -0.0232294, 0, 0, 0, 0, 0, 0
9, 2040.00000, 2520.81, -0.0233169, 0, 0, 0, 0, 0, 0
9, 2100.00000, 2520.8, -0.0234045, 0, 0, 0, 0, 0, 0
9, 2160.00000, 2520.8, -0.0234921, 0, 0, 0, 0, 0, 0
9, 2220.00000, 2520.79, -0.0235797, 0, 0, 0, 0, 0, 0
9, 2280.00000, 2520.79, -0.0236674, 0, 0, 0, 0, 0, 0
9, 2340.00000, 2520.79, -0.023755, 0, 0, 0, 0, 0, 0
9, 2400.00000, 2520.78, -0.0238426, 0, 0, 0, 0, 0, 0
9, 2460.00000, 2520.78, -0.0239303, 0, 0, 0, 0, 0, 0
9, 2520.00000, 2520.77, -0.024018, 0, 0, 0, 0, 0, 0
9, 2580.00000, 2520.77, -0.0241056, 0, 0, 0, 0, 0, 0
9, 2640.00000, 2520.76, -0.0241933, 0, 0, 0, 0, 0, 0
9, 2700.00000, 2520.76, -0.024281, 0, 0, 0, 0, 0, 0
9, 2760.00000, 2520.76, -0.0243688, 0, 0, 0, 0, 0, 0
9, 2820.00000, 2520.75, -0.0244565, 0, 0, 0, 0, 0, 0
9, 2880.00000, 2520.75, -0.0245442, 0, 0, 0, 0, 0, 0
9, 2940.00000, 2520.74, -0.024632, 0, 0, 0, 0, 0, 0
9, 3000.00000, 2520.74, -0.0247197, 0, 0, 0, 0, 0, 0
9, 3060.00000, 2520.73, -0.0248075, 0, 0, 0, 0, 0, 0
9, 3120.00000, 2520.73, -0.0248953, 0, 0, 0, 0, 0, 0
9, 3180.00000, 2520.73, -0.0249831, 0, 0, 0, 0, 0, 0
9, 3240.00000, 2520.72, -0.0250709, 0, 0, 0, 0, 0, 0
9, 3300.00000, 2520.72, -0.0251588, 0, 0, 0, 0, 0, 0
9, 3360.00000, 2520.71, -0.0252466, 0, 0, 0, 0, 0, 0
9, 3420.00000, 2520.71, -0.0253345, 0, 0, 0, 0, 0, 0
9, 3480.00000, 2520.7, -0.0254223, 0, 0, 0, 0, 0, 0
9, 3540.00000, 2520.7, -0.0255102, 0, 0, 0, 0, 0, 0
10, 0.00000, 2520.7, -0.0255981, 0, 0, 0, 0, 0, 0
10, 60.00000, 2520.7, -0.0255242, 0, 0, 0, 0, 0, 0
10, 120.00000, 2520.7, -0.0254488, 0, 0, 0, 0, 0, 0
10, 180.00000, 2520.71, -0.0253733, 0, 0, 0, 0, 0, 0
10, 240.00000, 2520.71, -0.0252979, 0, 0, 0, 0, 0, 0
10, 300.00000, 2520.71, -0.0252225, 0, 0, 0, 0, 0, 0
10, 360.00000, 2520.72, -0.0251471, 0, 0, 0, 0, 0, 0
10, 420.00000, 2520.72, -0.0250717, 0, 0, 0, 0, 0, 0
10, 480.00000, 2520.72, -0.0249964, 0, 0, 0, 0, 0, 0
10, 540.00000, 2520.73, -0.024921, 0, 0, 0, 0, 0, 0
10, 600.00000, 2520.73, -0.0248456, 0, 0, 0, 0, 0, 0
10, 660.00000, 2520.74, -0.0247703, 0, 0, 0, 0, 0, 0
10, 720.00000, 2520.74, -0.0246949, 0, 0, 0, 0, 0, 0
10, 780.00000, 2520.74, -0.0246196, 0, 0, 0, 0, 0, 0
10, 840.00000, 2520.75, -0.0245443, 0, 0, 0, 0, 0, 0
10, 900.00000, 2520.75, -0.024469, 0, 0, 0, 0, 0, 0
10, 960.00000, 2520.75, -0.0243937, 0, 0, 0, 0, 0, 0
10, 1020.00000, 2520.76, -0.0243184, 0, 0, 0, 0, 0, 0
10, 1080.00000, 2520.76, -0.0242431, 0, 0, 0, 0, 0, 0
10, 1140.00000, 2520.77, -0.0241678, 0, 0, 0, 0, 0, 0
10, 1200.00000, 2520.77, -0.0240925, 0, 0, 0, 0, 0, 0
10, 1260.00000, 2520.77, -0.0240173, 0, 0, 0, 0, 0, 0
10, 1320.00000, 2520.78, -0.023942, 0, 0, 0, 0, 0, 0
10, 1380.00000, 2520.78, -0.0238668, 0, 0, 0, 0, 0, 0
10, 1440.00000, 2520.78, -0.0237915, 0, 0, 0, 0, 0, 0
10, 1500.00000, 2520.79, -0.0237163, 0, 0, 0, 0, 0, 0
10, 1560.00000, 2520.79, -0.0236411, 0, 0, 0, 0, 0, 0
10, 1620.00000, 2520.79, -0.0235659, 0, 0, 0, 0, 0, 0
10, 1680.00000, 2520.8, -0.0234907, 0, 0, 0, 0, 0, 0
10, 1740.00000, 2520.8, -0.0234155, 0, 0, 0, 0, 0, 0
10, 1800.00000, 2520.81, -0.0233403, 0, 0, 0, 0, 0, 0
10, 1860.00000, 2520.81, -0.0232651, 0, 0, 0, 0, 0, 0
10, 1920.00000, 2520.81, -0.02319, 0, 0, 0, 0, 0, 0
10, 1980.00000, 2520.82, -0.0231148, 0, 0, 0, 0, 0, 0
10, 2040.00000, 2520.82, -0.0230397, 0, 0, 0, 0, 0, 0
10, 2100.00000, 2520.82, -0.0229645, 0, 0, 0, 0, 0, 0
10, 2160.00000, 2520.83, -0.0228894, 0, 0, 0, 0, 0, 0
10, 2220.00000, 2520.83, -0.0228143, 0, 0, 0, 0, 0, 0
10, 2280.00000, 2520.83, -0.0227392, 0, 0, 0, 0, 0, 0
10, 2340.00000, 2520.84, -0.0226641, 0, 0, 0, 0, 0, 0
10, 2400.00000, 2520.84, -0.022589, 0, 0, 0, 0, 0, 0
10, 2460.00000, 2520.85, -0.0225139, 0, 0, 0, 0, 0, 0
10, 2520.00000, 2520.85, -0.0224388, 0, 0, 0, 0, 0, 0
10, 2580.00000, 2520.85, -0.0223638, 0, 0, 0, 0, 0, 0
10, 2640.00000, 2520.86, -0.0222887, 0, 0, 0, 0, 0, 0
10, 2700.00000, 2520.86, -0.0222137, 0, 0, 0, 0, 0, 0
10, 2760.00000, 2520.86, -0.0221386, 0, 0, 0, 0, 0, 0
10, 2820.00000, 2520.87, -0.0220636, 0, 0, 0, 0, 0, 0
10, 2880.00000, 2520.87, -0.0219886, 0, 0, 0, 0, 0, 0
10, 2940.00000, 2520.87, -0.0219136, 0, 0, 0, 0, 0, 0
10, 3000.00000, 2520.88, -0.0218386, 0, 0, 0, 0, 0, 0
10, 3060.00000, 2520.88, -0.0217636, 0, 0, 0, 0, 0, 0
10, 3120.00000, 2520.89, -0.0216886, 0, 0, 0, 0, 0, 0
10, 3180.00000, 2520.89, -0.0216136, 0, 0, 0, 0, 0, 0
10, 3240.00000, 2520.89, -0.0215386, 0, 0, 0, 0, 0, 0
10, 3300.00000, 2520.9, -0.0214637, 0, 0, 0, 0, 0, 0
10, 3360.00000, 2520.9, -0.0213887, 0, 0, 0, 0, 0, 0
10, 3420.00000, 2520.9, -0.0213138, 0, 0, 0, 0, 0, 0
10, 3480.00000, 2520.91, -0.0212388, 0, 0, 0, 0, 0, 0
10, 3540.00000, 2520.91, -0.0211639, 0, 0, 0, 0, 0, 0
11, 0.00000, 2520.91, -0.021089, 0, 0, 0, 0, 0, 0
11, 60.00000, 2520.91, -0.0212325, 0, 0, 0, 0, 0, 0
11, 120.00000, 2520.9, -0.0213778, 0, 0, 0, 0, 0, 0
11, 180.00000, 2520.89, -0.021523, 0, 0, 0, 0, 0, 0
11, 240.00000, 2520.89, -0.0216684, 0, 0, 0, 0, 0, 0
11, 300.00000, 2520.88, -0.0218137, 0, 0, 0, 0, 0, 0
11, 360.00000, 2520.87, -0.0219591, 0, 0, 0, 0, 0, 0
11, 420.00000, 2520.86, -0.0221045, 0, 0, 0, 0, 0, 0
11, 480.00000, 2520.86, -0.02225, 0, 0, 0, 0, 0, 0
11, 540.00000, 2520.85, -0.0223954, 0, 0, 0, 0, 0, 0
11, 600.00000, 2520.84, -0.0225409, 0, 0, 0, 0, 0, 0
11, 660.00000, 2520.84, -0.0226865, 0, 0, 0, 0, 0, 0
11, 720.00000, 2520.83, -0.0228321, 0, 0, 0, 0, 0, 0
11, 780.00000, 2520.82, -0.0229777, 0, 0, 0, 0, 0, 0
11, 840.00000, 2520.82, -0.0231233, 0, 0, 0, 0, 0, 0
11, 900.00000, 2520.81, -0.023269, 0, 0, 0, 0, 0, 0
11, 960.00000, 2520.8, -0.0234147, 0, 0, 0, 0, 0, 0
11, 1020.00000, 2520.79, -0.0235605, 0, 0, 0, 0, 0, 0
11, 1080.00000, 2520.79, -0.0237062, 0, 0, 0, 0, 0, 0
11, 1140.00000, 2520.78, -0.0238521, 0, 0, 0, 0, 0, 0
11, 1200.00000, 2520.77, -0.0239979, 0, 0, 0, 0, 0, 0
11, 1260.00000, 2520.77, -0.0241438, 0, 0, 0, 0, 0, 0
11, 1320.00000, 2520.76, -0.0242897, 0, 0, 0, 0, 0, 0
11, 1380.00000, 2520.75, -0.0244356, 0, 0, 0, 0, 0, 0
11, 1440.00000, 2520.75, -0.0245816, 0, 0, 0, 0, 0, 0
11, 1500.00000, 2520.74, -0.0247276, 0, 0, 0, 0, 0, 0
11, 1560.00000, 2520.73, -0.0248737, 0, 0, 0, 0, 0, 0
11, 1620.00000, 2520.72, -0.0250198, 0, 0, 0, 0, 0, 0
11, 1680.00000, 2520.72, -0.0251659, 0, 0, 0, 0, 0, 0
11, 1740.00000, 2520.71, -0.025312, 0, 0, 0, 0, 0, 0
11, 1800.00000, 2520.7, -0.0254582, 0, 0, 0, 0, 0, 0
11, 1860.00000, 2520.7, -0.0256044, 0, 0, 0, 0, 0, 0
11, 1920.00000, 2520.69, -0.0257507, 0, 0, 0, 0, 0, 0
11, 1980.00000, 2520.68, -0.025897, 0, 0, 0, 0, 0, 0
11, 2040.00000, 2520.67, -0.0260433, 0, 0, 0, 0, 0, 0
11, 2100.00000, 2520.67, -0.0261897, 0, 0, 0, 0, 0, 0
11, 2160.00000, 2520.66, -0.0263361, 0, 0, 0, 0, 0, 0
11, 2220.00000, 2520.65, -0.0264825, 0, 0, 0, 0, 0, 0
11, 2280.00000, 2520.64, -0.0266289, 0, 0, 0, 0, 0, 0
11, 2340.00000, 2520.64, -0.0267754, 0, 0, 0, 0, 0, 0
11, 2400.00000, 2520.63, -0.026922, 0, 0, 0, 0, 0, 0
11, 2460.00000, 2520.62, -0.0270685, 0, 0, 0, 0, 0, 0
11, 2520.00000, 2520.62, -0.0272151, 0, 0, 0, 0, 0, 0
11, 2580.00000, 2520.61, -0.0273618, 0, 0, 0, 0, 0, 0
11, 2640.00000, 2520.6, -0.0275085, 0, 0, 0, 0, 0, 0
11, 2700.00000, 2520.59, -0.0276552, 0, 0, 0, 0, 0, 0
11, 2760.00000, 2520.59, -0.0278019, 0, 0, 0, 0, 0, 0
11, 2820.00000, 2520.58, -0.0279487, 0, 0, 0, 0, 0, 0
11, 2880.00000, 2520.57, -0.0280955, 0, 0, 0, 0, 0, 0
11, 2940.00000, 2520.56, -0.0282424, 0, 0, 0, 0, 0, 0
11, 3000.00000, 2520.56, -0.0283892, 0, 0, 0, 0, 0, 0
11, 3060.00000, 2520.55, -0.0285362, 0, 0, 0, 0, 0, 0
11, 3120.00000, 2520.54, -0.0286831, 0, 0, 0, 0, 0, 0
11, 3180.00000, 2520.54, -0.0288301, 0, 0, 0, 0, 0, 0
11, 3240.00000, 2520.53, -0.0289772, 0, 0, 0, 0, 0, 0
11, 3300.00000, 2520.52, -0.0291242, 0, 0, 0, 0, 0, 0
11, 3360.00000, 2520.51, -0.0292713, 0, 0, 0, 0, 0, 0
11, 3420.00000, 2520.51, -0.0294185, 0, 0, 0, 0, 0, 0
11, 3480.00000, 2520.5, -0.0295657, 0, 0, 0, 0, 0, 0
11, 3540.00000, 2520.49, -0.0297129, 0, 0, 0, 0, 0, 0
12, 0.00000, 2520.48, -0.0298601, 0, 0, 0, 0, 0, 0
12, 60.00000, 2520.49, -0.0298178, 0, 0, 0, 0, 0, 0
12, 120.00000, 2520.49, -0.0297734, 0, 0, 0, 0, 0, 0
12, 180.00000, 2520.49, -0.0297289, 0, 0, 0, 0, 0, 0
12, 240.00000, 2520.49, -0.0296845, 0, 0, 0, 0, 0, 0
12, 300.00000, 2520.49, -0.02964, 0, 0, 0, 0, 0, 0
12, 360.00000, 2520.5, -0.0295956, 0, 0, 0, 0, 0, 0
12, 420.00000, 2520.5, -0.0295511, 0, 0, 0, 0, 0, 0
12, 480.00000, 2520.5, -0.0295066, 0, 0, 0, 0, 0, 0
12, 540.00000, 2520.5, -0.0294622, 0, 0, 0, 0, 0, 0
12, 600.00000, 2520.51, -0.0294178, 0, 0, 0, 0, 0, 0
12, 660.00000, 2520.51, -0.0293733, 0, 0, 0, 0, 0, 0
12, 720.00000, 2520.51, -0.0293289, 0, 0, 0, 0, 0, 0
12, 780.00000, 2520.51, -0.0292845, 0, 0, 0, 0, 0, 0
12, 840.00000, 2520.51, -0.02924, 0, 0, 0, 0, 0, 0
12, 900.00000, 2520.52, -0.0291956, 0, 0, 0, 0, 0, 0
12, 960.00000, 2520.52, -0.0291512, 0, 0, 0, 0, 0, 0
12, 1020.00000, 2520.52, -0.0291068, 0, 0, 0, 0, 0, 0
12, 1080.00000, 2520.52, -0.0290623, 0, 0, 0, 0, 0, 0
12, 1140.00000, 2520.53, -0.0290179, 0, 0, 0, 0, 0, 0
12, 1200.00000, 2520.53, -0.0289735, 0, 0, 0, 0, 0, 0
12, 1260.00000, 2520.53, -0.0289291, 0, 0, 0, 0, 0, 0
12, 1320.00000, 2520.53, -0.0288847, 0, 0, 0, 0, 0, 0
12, 1380.00000, 2520.53, -0.0288403, 0, 0, 0, 0, 0, 0
12, 1440.00000, 2520.54, -0.0287959, 0, 0, 0, 0, 0, 0
12, 1500.00000, 2520.54, -0.0287515, 0, 0, 0, 0, 0, 0
12, 1560.00000, 2520.54, -0.0287071, 0, 0, 0, 0, 0, 0
12, 1620.00000, 2520.54, -0.0286627, 0, 0, 0, 0, 0, 0
12, 1680.00000, 2520.55, -0.0286184, 0, 0, 0, 0, 0, 0
12, 1740.00000, 2520.55, -0.028574, 0, 0, 0, 0, 0, 0
12, 1800.00000, 2520.55, -0.0285296, 0, 0, 0, 0, 0, 0
12, 1860.00000, 2520.55, -0.0284852, 0, 0, 0, 0, 0, 0
12, 1920.00000, 2520.55, -0.0284409, 0, 0, 0, 0, 0, 0
12, 1980.00000, 2520.56, -0.0283965, 0, 0, 0, 0, 0, 0
12, 2040.00000, 2520.56, -0.0283521, 0, 0, 0, 0, 0, 0
12, 2100.00000, 2520.56, -0.0283078, 0, 0, 0, 0, 0, 0
12, 2160.00000, 2520.56, -0.0282634, 0, 0, 0, 0, 0, 0
12, 2220.00000, 2520.57, -0.0282191, 0, 0, 0, 0, 0, 0
12, 2280.00000, 2520.57, -0.0281747, 0, 0, 0, 0, 0, 0
12, 2340.00000, 2520.57, -0.0281304, 0, 0, 0, 0, 0, 0
12, 2400.00000, 2520.57, -0.028086, 0, 0, 0, 0, 0, 0
12, 2460.00000, 2520.57, -0.0280417, 0, 0, 0, 0, 0, 0
12, 2520.00000, 2520.58, -0.0279973, 0, 0, 0, 0, 0, 0
12, 2580.00000, 2520.58, -0.027953, 0, 0, 0, 0, 0, 0
12, 2640.00000, 2520.58, -0.0279087, 0, 0, 0, 0, 0, 0
12, 2700.00000, 2520.58, -0.0278643, 0, 0, 0, 0, 0, 0
12, 2760.00000, 2520.59, -0.02782, 0, 0, 0, 0, 0, 0
12, 2820.00000, 2520.59, -0.0277757, 0, 0, 0, 0, 0, 0
12, 2880.00000, 2520.59, -0.0277314, 0, 0, 0, 0, 0, 0
12, 2940.00000, 2520.59, -0.0276871, 0, 0, 0, 0, 0, 0
12, 3000.00000, 2520.59, -0.0276428, 0, 0, 0, 0, 0, 0
12, 3060.00000, 2520.6, -0.0275985, 0, 0, 0, 0, 0, 0
12, 3120.00000, 2520.6, -0.0275541, 0, 0, 0, 0, 0, 0
12, 3180.00000, 2520.6, -0.0275098, 0, 0, 0, 0, 0, 0
12, 3240.00000, 2520.6, -0.0274655, 0, 0, 0, 0, 0, 0
12, 3300.00000, 2520.61, -0.0274213, 0, 0, 0, 0, 0, 0
12, 3360.00000, 2520.61, -0.027377, 0, 0, 0, 0, 0, 0
12, 3420.00000, 2520.61, -0.0273327, 0, 0, 0, 0, 0, 0
12, 3480.00000, 2520.61, -0.0272884, 0, 0, 0, 0, 0, 0
12, 3540.00000, 2520.61, -0.0272441, 0, 0, 0, 0, 0, 0
13, 0.00000, 2520.62, -0.0271998, 0, 0, 0, 0, 0, 0
13, 60.00000, 2520.61, -0.027236, 0, 0, 0, 0, 0, 0
13, 120.00000, 2520.61, -0.027273, 0, 0, 0, 0, 0, 0
13, 180.00000, 2520.61, -0.02731, 0, 0, 0, 0, 0, 0
13, 240.00000, 2520.61, -0.027347, 0, 0, 0, 0, 0, 0
13, 300.00000, 2520.61, -0.027384, 0, 0, 0, 0, 0, 0
13, 360.00000, 2520.61, -0.027421, 0, 0, 0, 0, 0, 0
13, 420.00000, 2520.6, -0.027458, 0, 0, 0, 0, 0, 0
13, 480.00000, 2520.6, -0.027495, 0, 0, 0, 0, 0, 0
13, 540.00000, 2520.6, -0.027532, 0, 0, 0, 0, 0, 0
13, 600.00000, 2520.6, -0.027569, 0, 0, 0, 0, 0, 0
13, 660.00000, 2520.6, -0.027606, 0, 0, 0, 0, 0, 0
13, 720.00000, 2520.59, -0.0276431, 0, 0, 0, 0, 0, 0
13, 780.00000, 2520.59, -0.0276801, 0, 0, 0, 0, 0, 0
13, 840.00000, 2520.59, -0.0277171, 0, 0, 0, 0, 0, 0
13, 900.00000, 2520.59, -0.0277541, 0, 0, 0, 0, 0, 0
13, 960.00000, 2520.59, -0.0277911, 0, 0, 0, 0, 0, 0
13, 1020.00000, 2520.59, -0.0278282, 0, 0, 0, 0, 0, 0
13, 1080.00000, 2520.58, -0.0278652, 0, 0, 0, 0, 0, 0
13, 1140.00000, 2520.58, -0.0279022, 0, 0, 0, 0, 0, 0
13, 1200.00000, 2520.58, -0.0279393, 0, 0, 0, 0, 0, 0
13, 1260.00000, 2520.58, -0.0279763, 0, 0, 0, 0, 0, 0
13, 1320.00000, 2520.58, -0.0280134, 0, 0, 0, 0, 0, 0
13, 1380.00000, 2520.57, -0.0280504, 0, 0, 0, 0, 0, 0
13, 1440.00000, 2520.57, -0.0280874, 0, 0, 0, 0, 0, 0
13, 1500.00000, 2520.57, -0.0281245, 0, 0, 0, 0, 0, 0
13, 1560.00000, 2520.57, -0.0281615, 0, 0, 0, 0, 0, 0
13, 1620.00000, 2520.57, -0.0281986, 0, 0, 0, 0, 0, 0
13, 1680.00000, 2520.56, -0.0282356, 0, 0, 0, 0, 0, 0
13, 1740.00000, 2520.56, -0.0282727, 0, 0, 0, 0, 0, 0
13, 1800.00000, 2520.56, -0.0283098, 0, 0, 0, 0, 0, 0
13, 1860.00000, 2520.56, -0.0283468, 0, 0, 0, 0, 0, 0
13, 1920.00000, 2520.56, -0.0283839, 0, 0, 0, 0, 0, 0
13, 1980.00000, 2520.56, -0.0284209, 0, 0, 0, 0, 0, 0
13, 2040.00000, 2520.55, -0.028458, 0, 0, 0, 0, 0, 0
13, 2100.00000, 2520.55, -0.0284951, 0, 0, 0, 0, 0, 0
13, 2160.00000, 2520.55, -0.0285322, 0, 0, 0, 0, 0, 0
13, 2220.00000, 2520.55, -0.0285692, 0, 0, 0, 0, 0, 0
13, 2280.00000, 2520.55, -0.0286063, 0, 0, 0, 0, 0, 0
13, 2340.00000, 2520.54, -0.0286434, 0, 0, 0, 0, 0, 0
13, 2400.00000, 2520.54, -0.0286805, 0, 0, 0, 0, 0, 0
13, 2460.00000, 2520.54, -0.0287175, 0, 0, 0, 0, 0, 0
13, 2520.00000, 2520.54, -0.0287546, 0, 0, 0, 0, 0, 0
13, 2580.00000, 2520.54, -0.0287917, 0, 0, 0, 0, 0, 0
13, 2640.00000, 2520.54, -0.0288288, 0, 0, 0, 0, 0, 0
13, 2700.00000, 2520.53, -0.0288659, 0, 0, 0, 0, 0, 0
13, 2760.00000, 2520.53, -0.028903, 0, 0, 0, 0, 0, 0
13, 2820.00000, 2520.53, -0.0289401, 0, 0, 0, 0, 0, 0
13, 2880.00000, 2520.53, -0.0289772, 0, 0, 0, 0, 0, 0
13, 2940.00000, 2520.53, -0.0290143, 0, 0, 0, 0, 0, 0
13, 3000.00000, 2520.52, -0.0290514, 0, 0, 0, 0, 0, 0
13, 3060.00000, 2520.52, -0.0290885, 0, 0, 0, 0, 0, 0
13, 3120.00000, 2520.52, -0.0291256, 0, 0, 0, 0, 0, 0
13, 3180.00000, 2520.52, -0.0291627, 0, 0, 0, 0, 0, 0
13, 3240.00000, 2520.52, -0.0291998, 0, 0, 0, 0, 0, 0
13, 3300.00000, 2520.51, -0.029237, 0, 0, 0, 0, 0, 0
13, 3360.00000, 2520.51, -0.0292741, 0, 0, 0, 0, 0, 0
13, 3420.00000, 2520.51, -0.0293112, 0, 0, 0, 0, 0, 0
13, 3480.00000, 2520.51, -0.0293483, 0, 0, 0, 0, 0, 0
13, 3540.00000, 2520.51, -0.0293854, 0, 0, 0, 0, 0, 0
14, 0.00000, 2520.51, -0.0294226, 0, 0, 0, 0, 0, 0
14, 60.00000, 2520.51, -0.0294058, 0, 0, 0, 0, 0, 0
14, 120.00000, 2520.51, -0.0293883, 0, 0, 0, 0, 0, 0
14, 180.00000, 2520.51, -0.0293709, 0, 0, 0, 0, 0, 0
14, 240.00000, 2520.51, -0.0293535, 0, 0, 0, 0, 0, 0
14, 300.00000, 2520.51, -0.0293361, 0, 0, 0, 0, 0, 0
14, 360.00000, 2520.51, -0.0293186, 0, 0, 0, 0, 0, 0
14, 420.00000, 2520.51, -0.0293012, 0, 0, 0, 0, 0, 0
14, 480.00000, 2520.51, -0.0292838, 0, 0, 0, 0, 0, 0
14, 540.00000, 2520.51, -0.0292664, 0, 0, 0, 0, 0, 0
14, 600.00000, 2520.51, -0.029249, 0, 0, 0, 0, 0, 0
14, 660.00000, 2520.52, -0.0292315, 0, 0, 0, 0, 0, 0
14, 720.00000, 2520.52, -0.0292141, 0, 0, 0, 0, 0, 0
14, 780.00000, 2520.52, -0.0291967, 0, 0, 0, 0, 0, 0
14, 840.00000, 2520.52, -0.0291793, 0, 0, 0, 0, 0, 0
14, 900.00000, 2520.52, -0.0291619, 0, 0, 0, 0, 0, 0
14, 960.00000, 2520.52, -0.0291444, 0, 0, 0, 0, 0, 0
14, 1020.00000, 2520.52, -0.029127, 0, 0, 0, 0, 0, 0
14, 1080.00000, 2520.52, -0.0291096, 0, 0, 0, 0, 0, 0
14, 1140.00000, 2520.52, -0.0290922, 0, 0, 0, 0, 0, 0
14, 1200.00000, 2520.52, -0.0290748, 0, 0, 0, 0, 0, 0
14, 1260.00000, 2520.52, -0.0290574, 0, 0, 0, 0, 0, 0
14, 1320.00000, 2520.52, -0.0290399, 0, 0, 0, 0, 0, 0
14, 1380.00000, 2520.53, -0.0290225, 0, 0, 0, 0, 0, 0
14, 1440.00000, 2520.53, -0.0290051, 0, 0, 0, 0, 0, 0
14, 1500.00000, 2520.53, -0.0289877, 0, 0, 0, 0, 0, 0
14, 1560.00000, 2520.53, -0.0289703, 0, 0, 0, 0, 0, 0
14, 1620.00000, 2520.53, -0.0289529, 0, 0, 0, 0, 0, 0
14, 1680.00000, 2520.53, -0.0289355, 0, 0, 0, 0, 0, 0
14, 1740.00000, 2520.53, -0.0289181, 0, 0, 0, 0, 0, 0
14, 1800.00000, 2520.53, -0.0289006, 0, 0, 0, 0, 0, 0
14, 1860.00000, 2520.53, -0.0288832, 0, 0, 0, 0, 0, 0
14, 1920.00000, 2520.53, -0.0288658, 0, 0, 0, 0, 0, 0
14, 1980.00000, 2520.53, -0.0288484, 0, 0, 0, 0, 0, 0
14, 2040.00000, 2520.54, -0.028831, 0, 0, 0, 0, 0, 0
14, 2100.00000, 2520.54, -0.0288136, 0, 0, 0, 0, 0, 0
14, 2160.00000, 2520.54, -0.0287962, 0, 0, 0, 0, 0, 0
14, 2220.00000, 2520.54, -0.0287788, 0, 0, 0, 0, 0, 0
14, 2280.00000, 2520.54, -0.0287614, 0, 0, 0, 0, 0, 0
14, 2340.00000, 2520.54, -0.028744, 0, 0, 0, 0, 0, 0
14, 2400.00000, 2520.54, -0.0287266, 0, 0, 0, 0, 0, 0
14, 2460.00000, 2520.54, -0.0287092, 0, 0, 0, 0, 0, 0
14, 2520.00000, 2520.54, -0.0286918, 0, 0, 0, 0, 0, 0
14, 2580.00000, 2520.54, -0.0286744, 0, 0, 0, 0, 0, 0
14, 2640.00000, 2520.54, -0.028657, 0, 0, 0, 0, 0, 0
14, 2700.00000, 2520.54, -0.0286395, 0, 0, 0, 0, 0, 0
14, 2760.00000, 2520.55, -0.0286221, 0, 0, 0, 0, 0, 0
14, 2820.00000, 2520.55, -0.0286047, 0, 0, 0, 0, 0, 0
14, 2880.00000, 2520.55, -0.0285873, 0, 0, 0, 0, 0, 0
14, 2940.00000, 2520.55, -0.0285699, 0, 0, 0, 0, 0, 0
14, 3000.00000, 2520.55, -0.0285525, 0, 0, 0, 0, 0, 0
14, 3060.00000, 2520.55, -0.0285351, 0, 0, 0, 0, 0, 0
14, 3120.00000, 2520.55, -0.0285177, 0, 0, 0, 0, 0, 0
14, 3180.00000, 2520.55, -0.0285003, 0, 0, 0, 0, 0, 0
14, 3240.00000, 2520.55, -0.0284829, 0, 0, 0, 0, 0, 0
14, 3300.00000, 2520.55, -0.0284655, 0, 0, 0, 0, 0, 0
14, 3360.00000, 2520.55, -0.0284481, 0, 0, 0, 0, 0, 0
14, 3420.00000, 2520.56, -0.0284307, 0, 0, 0, 0, 0, 0
14, 3480.00000, 2520.56, -0.0284134, 0, 0, 0, 0, 0, 0
14, 3540.00000, 2520.56, -0.028396, 0, 0, 0, 0, 0, 0
15, 0.00000, 2520.56, -0.0283786, 0, 0, 0, 0, 0, 0
15, 60.00000, 2520.56, -0.0283873, 0, 0, 0, 0, 0, 0
15, 120.00000, 2520.56, -0.0283964, 0, 0, 0, 0, 0, 0
15, 180.00000, 2520.56, -0.0284055, 0, 0, 0, 0, 0, 0
15, 240.00000, 2520.56, -0.0284145, 0, 0, 0, 0, 0, 0
15, 300.00000, 2520.56, -0.0284236, 0, 0, 0, 0, 0, 0
15, 360.00000, 2520.56, -0.0284327, 0, 0, 0, 0, 0, 0
15, 420.00000, 2520.55, -0.0284418, 0, 0, 0, 0, 0, 0
15, 480.00000, 2520.55, -0.0284508, 0, 0, 0, 0, 0, 0
15, 540.00000, 2520.55, -0.0284599, 0, 0, 0, 0, 0, 0
15, 600.00000, 2520.55, -0.028469, 0, 0, 0, 0, 0, 0
15, 660.00000, 2520.55, -0.028478, 0, 0, 0, 0, 0, 0
15, 720.00000, 2520.55, -0.0284871, 0, 0, 0, 0, 0, 0
15, 780.00000, 2520.55, -0.0284962, 0, 0, 0, 0, 0, 0
15, 840.00000, 2520.55, -0.0285052, 0, 0, 0, 0, 0, 0
15, 900.00000, 2520.55, -0.0285143, 0, 0, 0, 0, 0, 0
15, 960.00000, 2520.55, -0.0285234, 0, 0, 0, 0, 0, 0
15, 1020.00000, 2520.55, -0.0285324, 0, 0, 0, 0, 0, 0
15, 1080.00000, 2520.55, -0.0285415, 0, 0, 0, 0, 0, 0
15, 1140.00000, 2520.55, -0.0285506, 0, 0, 0, 0, 0, 0
15, 1200.00000, 2520.55, -0.0285597, 0, 0, 0, 0, 0, 0
15, 1260.00000, 2520.55, -0.0285687, 0, 0, 0, 0, 0, 0
15, 1320.00000, 2520.55, -0.0285778, 0, 0, 0, 0, 0, 0
15, 1380.00000, 2520.55, -0.0285869, 0, 0, 0, 0, 0, 0
15, 1440.00000, 2520.55, -0.0285959, 0, 0, 0, 0, 0, 0
15, 1500.00000, 2520.55, -0.028605, 0, 0, 0, 0, 0, 0
15, 1560.00000, 2520.55, -0.0286141, 0, 0, 0, 0, 0, 0
15, 1620.00000, 2520.55, -0.0286232, 0, 0, 0, 0, 0, 0
15, 1680.00000, 2520.55, -0.0286322, 0, 0, 0, 0, 0, 0
15, 1740.00000, 2520.54, -0.0286413, 0, 0, 0, 0, 0, 0
15, 1800.00000, 2520.54, -0.0286504, 0, 0, 0, 0, 0, 0
15, 1860.00000, 2520.54, -0.0286594, 0, 0, 0, 0, 0, 0
15, 1920.00000, 2520.54, -0.0286685, 0, 0, 0, 0, 0, 0
15, 1980.00000, 2520.54, -0.0286776, 0, 0, 0, 0, 0, 0
15, 2040.00000, 2520.54, -0.0286867, 0, 0, 0, 0, 0, 0
15, 2100.00000, 2520.54, -0.0286957, 0, 0, 0, 0, 0, 0
15, 2160.00000, 2520.54, -0.0287048, 0, 0, 0, 0, 0, 0
15, 2220.00000, 2520.54, -0.0287139, 0, 0, 0, 0, 0, 0
15, 2280.00000, 2520.54, -0.028723, 0, 0, 0, 0, 0, 0
15, 2340.00000, 2520.54, -0.028732, 0, 0, 0, 0, 0, 0
15, 2400.00000, 2520.54, -0.0287411, 0, 0, 0, 0, 0, 0
15, 2460.00000, 2520.54, -0.0287502, 0, 0, 0, 0, 0, 0
15, 2520.00000, 2520.54, -0.0287593, 0, 0, 0, 0, 0, 0
15, 2580.00000, 2520.54, -0.0287683, 0, 0, 0, 0, 0, 0
15, 2640.00000, 2520.54, -0.0287774, 0, 0, 0, 0, 0, 0
15, 2700.00000, 2520.54, -0.0287865, 0, 0, 0, 0, 0, 0
15, 2760.00000, 2520.54, -0.0287955, 0, 0, 0, 0, 0, 0
15, 2820.00000, 2520.54, -0.0288046, 0, 0, 0, 0, 0, 0
15, 2880.00000, 2520.54, -0.0288137, 0, 0, 0, 0, 0, 0
15, 2940.00000, 2520.54, -0.0288228, 0, 0, 0, 0, 0, 0
15, 3000.00000, 2520.54, -0.0288318, 0, 0, 0, 0, 0, 0
15, 3060.00000, 2520.53, -0.0288409, 0, 0, 0, 0, 0, 0
15, 3120.00000, 2520.53, -0.02885, 0, 0, 0, 0, 0, 0
15, 3180.00000, 2520.53, -0.0288591, 0, 0, 0, 0, 0, 0
15, 3240.00000, 2520.53, -0.0288681, 0, 0, 0, 0, 0, 0
15, 3300.00000, 2520.53, -0.0288772, 0, 0, 0, 0, 0, 0
15, 3360.00000, 2520.53, -0.0288863, 0, 0, 0, 0, 0, 0
15, 3420.00000, 2520.53, -0.0288954, 0, 0, 0, 0, 0, 0
15, 3480.00000, 2520.53, -0.0289044, 0, 0, 0, 0, 0, 0
15, 3540.00000, 2520.53, -0.0289135, 0, 0, 0, 0, 0, 0
16, 0.00000, 2520.53, -0.0289226, 0, 0, 0, 0, 0, 0
16, 60.00000, 2520.53, -0.0288875, 0, 0, 0, 0, 0, 0
16, 120.00000, 2520.53, -0.0288519, 0, 0, 0, 0, 0, 0
16, 180.00000, 2520.54, -0.0288162, 0, 0, 0, 0, 0, 0
16, 240.00000, 2520.54, -0.0287806, 0, 0, 0, 0, 0, 0
16, 300.00000, 2520.54, -0.028745, 0, 0, 0, 0, 0, 0
16, 360.00000, 2520.54, -0.0287094, 0, 0, 0, 0, 0, 0
16, 420.00000, 2520.54, -0.0286738, 0, 0, 0, 0, 0, 0
16, 480.00000, 2520.54, -0.0286382, 0, 0, 0, 0, 0, 0
16, 540.00000, 2520.55, -0.0286026, 0, 0, 0, 0, 0, 0
16, 600.00000, 2520.55, -0.028567, 0, 0, 0, 0, 0, 0
16, 660.00000, 2520.55, -0.0285314, 0, 0, 0, 0, 0, 0
16, 720.00000, 2520.55, -0.0284958, 0, 0, 0, 0, 0, 0
16, 780.00000, 2520.55, -0.0284602, 0, 0, 0, 0, 0, 0
16, 840.00000, 2520.56, -0.0284246, 0, 0, 0, 0, 0, 0
16, 900.00000, 2520.56, -0.028389, 0, 0, 0, 0, 0, 0
16, 960.00000, 2520.56, -0.0283534, 0, 0, 0, 0, 0, 0
16, 1020.00000, 2520.56, -0.0283179, 0, 0, 0, 0, 0, 0
16, 1080.00000, 2520.56, -0.0282823, 0, 0, 0, 0, 0, 0
16, 1140.00000, 2520.56, -0.0282467, 0, 0, 0, 0, 0, 0
16, 1200.00000, 2520.57, -0.0282111, 0, 0, 0, 0, 0, 0
16, 1260.00000, 2520.57, -0.0281755, 0, 0, 0, 0, 0, 0
16, 1320.00000, 2520.57, -0.02814, 0, 0, 0, 0, 0, 0
16, 1380.00000, 2520.57, -0.0281044, 0, 0, 0, 0, 0, 0
16, 1440.00000, 2520.57, -0.0280688, 0, 0, 0, 0, 0, 0
16, 1500.00000, 2520.57, -0.0280332, 0, 0, 0, 0, 0, 0
16, 1560.00000, 2520.58, -0.0279977, 0, 0, 0, 0, 0, 0
16, 1620.00000, 2520.58, -0.0279621, 0, 0, 0, 0, 0, 0
16, 1680.00000, 2520.58, -0.0279266, 0, 0, 0, 0, 0, 0
16, 1740.00000, 2520.58, -0.027891, 0, 0, 0, 0, 0, 0
16, 1800.00000, 2520.58, -0.0278554, 0, 0, 0, 0, 0, 0
16, 1860.00000, 2520.59, -0.0278199, 0, 0, 0, 0, 0, 0
16, 1920.00000, 2520.59, -0.0277843, 0, 0, 0, 0, 0, 0
16, 1980.00000, 2520.59, -0.0277488, 0, 0, 0, 0, 0, 0
16, 2040.00000, 2520.59, -0.0277132, 0, 0, 0, 0, 0, 0
16, 2100.00000, 2520.59, -0.0276777, 0, 0, 0, 0, 0, 0
16, 2160.00000, 2520.59, -0.0276421, 0, 0, 0, 0, 0, 0
16, 2220.00000, 2520.6, -0.0276066, 0, 0, 0, 0, 0, 0
16, 2280.00000, 2520.6, -0.027571, 0, 0, 0, 0, 0, 0
16, 2340.00000, 2520.6, -0.0275355, 0, 0, 0, 0, 0, 0
16, 2400.00000, 2520.6, -0.0275, 0, 0, 0, 0, 0, 0
16, 2460.00000, 2520.6, -0.0274644, 0, 0, 0, 0, 0, 0
16, 2520.00000, 2520.6, -0.0274289, 0, 0, 0, 0, 0, 0
16, 2580.00000, 2520.61, -0.0273934, 0, 0, 0, 0, 0, 0
16, 2640.00000, 2520.61, -0.0273578, 0, 0, 0, 0, 0, 0
16, 2700.00000, 2520.61, -0.0273223, 0, 0, 0, 0, 0, 0
16, 2760.00000, 2520.61, -0.0272868, 0, 0, 0, 0, 0, 0
16, 2820.00000, 2520.61, -0.0272513, 0, 0, 0, 0, 0, 0
16, 2880.00000, 2520.62, -0.0272157, 0, 0, 0, 0, 0, 0
16, 2940.00000, 2520.62, -0.0271802, 0, 0, 0, 0, 0, 0
16, 3000.00000, 2520.62, -0.0271447, 0, 0, 0, 0, 0, 0
16, 3060.00000, 2520.62, -0.0271092, 0, 0, 0, 0, 0, 0
16, 3120.00000, 2520.62, -0.0270737, 0, 0, 0, 0, 0, 0
16, 3180.00000, 2520.62, -0.0270382, 0, 0, 0, 0, 0, 0
16, 3240.00000, 2520.63, -0.0270027, 0, 0, 0, 0, 0, 0
16, 3300.00000, 2520.63, -0.0269672, 0, 0, 0, 0, 0, 0
16, 3360.00000, 2520.63, -0.0269317, 0, 0, 0, 0, 0, 0
16, 3420.00000, 2520.63, -0.0268962, 0, 0, 0, 0, 0, 0
16, 3480.00000, 2520.63, -0.0268607, 0, 0, 0, 0, 0, 0
16, 3540.00000, 2520.64, -0.0268252, 0, 0, 0, 0, 0, 0
17, 0.00000, 2520.64, -0.0267897, 0, 0, 0, 0, 0, 0
17, 60.00000, 2520.64, -0.026805, 0, 0, 0, 0, 0, 0
17, 120.00000, 2520.64, -0.0268207, 0, 0, 0, 0, 0, 0
17, 180.00000, 2520.63, -0.0268365, 0, 0, 0, 0, 0, 0
17, 240.00000, 2520.63, -0.0268523, 0, 0, 0, 0, 0, 0
17, 300.00000, 2520.63, -0.0268681, 0, 0, 0, 0, 0, 0
17, 360.00000, 2520.63, -0.0268839, 0, 0, 0, 0, 0, 0
17, 420.00000, 2520.63, -0.0268997, 0, 0, 0, 0, 0, 0
17, 480.00000, 2520.63, -0.0269155, 0, 0, 0, 0, 0, 0
17, 540.00000, 2520.63, -0.0269313, 0, 0, 0, 0, 0, 0
17, 600.00000, 2520.63, -0.0269472, 0, 0, 0, 0, 0, 0
17, 660.00000, 2520.63, -0.026963, 0, 0, 0, 0, 0, 0
17, 720.00000, 2520.63, -0.0269788, 0, 0, 0, 0, 0, 0
17, 780.00000, 2520.63, -0.0269946, 0, 0, 0, 0, 0, 0
17, 840.00000, 2520.63, -0.0270104, 0, 0, 0, 0, 0, 0
17, 900.00000, 2520.63, -0.0270262, 0, 0, 0, 0, 0, 0
17, 960.00000, 2520.62, -0.027042, 0, 0, 0, 0, 0, 0
17, 1020.00000, 2520.62, -0.0270578, 0, 0, 0, 0, 0, 0
17, 1080.00000, 2520.62, -0.0270736, 0, 0, 0, 0, 0, 0
17, 1140.00000, 2520.62, -0.0270894, 0, 0, 0, 0, 0, 0
17, 1200.00000, 2520.62, -0.0271052, 0, 0, 0, 0, 0, 0
17, 1260.00000, 2520.62, -0.027121, 0, 0, 0, 0, 0, 0
17, 1320.00000, 2520.62, -0.0271368, 0, 0, 0, 0, 0, 0
17, 1380.00000, 2520.62, -0.0271526, 0, 0, 0, 0, 0, 0
17, 1440.00000, 2520.62, -0.0271684, 0, 0, 0, 0, 0, 0
17, 1500.00000, 2520.62, -0.0271842, 0, 0, 0, 0, 0, 0
17, 1560.00000, 2520.62, -0.0272, 0, 0, 0, 0, 0, 0
17, 1620.00000, 2520.62, -0.0272159, 0, 0, 0, 0, 0, 0
17, 1680.00000, 2520.61, -0.0272317, 0, 0, 0, 0, 0, 0
17, 1740.00000, 2520.61, -0.0272475, 0, 0, 0, 0, 0, 0
17, 1800.00000, 2520.61, -0.0272633, 0, 0, 0, 0, 0, 0
17, 1860.00000, 2520.61, -0.0272791, 0, 0, 0, 0, 0, 0
17, 1920.00000, 2520.61, -0.0272949, 0, 0, 0, 0, 0, 0
17, 1980.00000, 2520.61, -0.0273107, 0, 0, 0, 0, 0, 0
17, 2040.00000, 2520.61, -0.0273265, 0, 0, 0, 0, 0, 0
17, 2100.00000, 2520.61, -0.0273423, 0, 0, 0, 0, 0, 0
17, 2160.00000, 2520.61, -0.0273582, 0, 0, 0, 0, 0, 0
17, 2220.00000, 2520.61, -0.027374, 0, 0, 0, 0, 0, 0
17, 2280.00000, 2520.61, -0.0273898, 0, 0, 0, 0, 0, 0
17, 2340.00000, 2520.61, -0.0274056, 0, 0, 0, 0, 0, 0
17, 2400.00000, 2520.61, -0.0274214, 0, 0, 0, 0, 0, 0
17, 2460.00000, 2520.6, -0.0274372, 0, 0, 0, 0, 0, 0
17, 2520.00000, 2520.6, -0.027453, 0, 0, 0, 0, 0, 0
17, 2580.00000, 2520.6, -0.0274689, 0, 0, 0, 0, 0, 0
17, 2640.00000, 2520.6, -0.0274847, 0, 0, 0, 0, 0, 0
17, 2700.00000, 2520.6, -0.0275005, 0, 0, 0, 0, 0, 0
17, 2760.00000, 2520.6, -0.0275163, 0, 0, 0, 0, 0, 0
17, 2820.00000, 2520.6, -0.0275321, 0, 0, 0, 0, 0, 0
17, 2880.00000, 2520.6, -0.0275479, 0, 0, 0, 0, 0, 0
17, 2940.00000, 2520.6, -0.0275638, 0, 0, 0, 0, 0, 0
17, 3000.00000, 2520.6, -0.0275796, 0, 0, 0, 0, 0, 0
17, 3060.00000, 2520.6, -0.0275954, 0, 0, 0, 0, 0, 0
17, 3120.00000, 2520.6, -0.0276112, 0, 0, 0, 0, 0, 0
17, 3180.00000, 2520.6, -0.027627, 0, 0, 0, 0, 0, 0
17, 3240.00000, 2520.59, -0.0276429, 0, 0, 0, 0, 0, 0
17, 3300.00000, 2520.59, -0.0276587, 0, 0, 0, 0, 0, 0
17, 3360.00000, 2520.59, -0.0276745, 0, 0, 0, 0, 0, 0
17, 3420.00000, 2520.59, -0.0276903, 0, 0, 0, 0, 0, 0
17, 3480.00000, 2520.59, -0.0277061, 0, 0, 0, 0, 0, 0
17, 3540.00000, 2520.59, -0.027722, 0, 0, 0, 0, 0, 0
18, 0.00000, 2520.59, -0.0277378, 0, 0, 0, 0, 0, 0
18, 60.00000, 2520.59, -0.0277336, 0, 0, 0, 0, 0, 0
18, 120.00000, 2520.59, -0.0277291, 0, 0, 0, 0, 0, 0
18, 180.00000, 2520.59, -0.0277247, 0, 0, 0, 0, 0, 0
18, 240.00000, 2520.59, -0.0277202, 0, 0, 0, 0, 0, 0
18, 300.00000, 2520.59, -0.0277158, 0, 0, 0, 0, 0, 0
18, 360.00000, 2520.59, -0.0277113, 0, 0, 0, 0, 0, 0
18, 420.00000, 2520.59, -0.0277069, 0, 0, 0, 0, 0, 0
18, 480.00000, 2520.59, -0.0277024, 0, 0, 0, 0, 0, 0
18, 540.00000, 2520.59, -0.027698, 0, 0, 0, 0, 0, 0
18, 600.00000, 2520.59, -0.0276936, 0, 0, 0, 0, 0, 0
18, 660.00000, 2520.59, -0.0276891, 0, 0, 0, 0, 0, 0
18, 720.00000, 2520.59, -0.0276847, 0, 0, 0, 0, 0, 0
18, 780.00000, 2520.59, -0.0276802, 0, 0, 0, 0, 0, 0
18, 840.00000, 2520.59, -0.0276758, 0, 0, 0, 0, 0, 0
18, 900.00000, 2520.59, -0.0276713, 0, 0, 0, 0, 0, 0
18, 960.00000, 2520.59, -0.0276669, 0, 0, 0, 0, 0, 0
18, 1020.00000, 2520.59, -0.0276624, 0, 0, 0, 0, 0, 0
18, 1080.00000, 2520.59, -0.027658, 0, 0, 0, 0, 0, 0
18, 1140.00000, 2520.59, -0.0276536, 0, 0, 0, 0, 0, 0
18, 1200.00000, 2520.59, -0.0276491, 0, 0, 0, 0, 0, 0
18, 1260.00000, 2520.59, -0.0276447, 0, 0, 0, 0, 0, 0
18, 1320.00000, 2520.59, -0.0276402, 0, 0, 0, 0, 0, 0
18, 1380.00000, 2520.59, -0.0276358, 0, 0, 0, 0, 0, 0
18, 1440.00000, 2520.59, -0.0276313, 0, 0, 0, 0, 0, 0
18, 1500.00000, 2520.6, -0.0276269, 0, 0, 0, 0, 0, 0
18, 1560.00000, 2520.6, -0.0276224, 0, 0, 0, 0, 0, 0
18, 1620.00000, 2520.6, -0.027618, 0, 0, 0, 0, 0, 0
18, 1680.00000, 2520.6, -0.0276136, 0, 0, 0, 0, 0, 0
18, 1740.00000, 2520.6, -0.0276091, 0, 0, 0, 0, 0, 0
18, 1800.00000, 2520.6, -0.0276047, 0, 0, 0, 0, 0, 0
18, 1860.00000, 2520.6, -0.0276002, 0, 0, 0, 0, 0, 0
18, 1920.00000, 2520.6, -0.0275958, 0, 0, 0, 0, 0, 0
18, 1980.00000, 2520.6, -0.0275913, 0, 0, 0, 0, 0, 0
18, 2040.00000, 2520.6, -0.0275869, 0, 0, 0, 0, 0, 0
18, 2100.00000, 2520.6, -0.0275824, 0, 0, 0, 0, 0, 0
18, 2160.00000, 2520.6, -0.027578, 0, 0, 0, 0, 0, 0
18, 2220.00000, 2520.6, -0.0275736, 0, 0, 0, 0, 0, 0
18, 2280.00000, 2520.6, -0.0275691, 0, 0, 0, 0, 0, 0
18, 2340.00000, 2520.6, -0.0275647, 0, 0, 0, 0, 0, 0
18, 2400.00000, 2520.6, -0.0275602, 0, 0, 0, 0, 0, 0
18, 2460.00000, 2520.6, -0.0275558, 0, 0, 0, 0, 0, 0
18, 2520.00000, 2520.6, -0.0275513, 0, 0, 0, 0, 0, 0
18, 2580.00000, 2520.6, -0.0275469, 0, 0, 0, 0, 0, 0
18, 2640.00000, 2520.6, -0.0275425, 0, 0, 0, 0, 0, 0
18, 2700.00000, 2520.6, -0.027538, 0, 0, 0, 0, 0, 0
18, 2760.00000, 2520.6, -0.0275336, 0, 0, 0, 0, 0, 0
18, 2820.00000, 2520.6, -0.0275291, 0, 0, 0, 0, 0, 0
18, 2880.00000, 2520.6, -0.0275247, 0, 0, 0, 0, 0, 0
18, 2940.00000, 2520.6, -0.0275202, 0, 0, 0, 0, 0, 0
18, 3000.00000, 2520.6, -0.0275158, 0, 0, 0, 0, 0, 0
18, 3060.00000, 2520.6, -0.0275113, 0, 0, 0, 0, 0, 0
18, 3120.00000, 2520.6, -0.0275069, 0, 0, 0, 0, 0, 0
18, 3180.00000, 2520.6, -0.0275025, 0, 0, 0, 0, 0, 0
18, 3240.00000, 2520.6, -0.027498, 0, 0, 0, 0, 0, 0
18, 3300.00000, 2520.6, -0.0274936, 0, 0, 0, 0, 0, 0
18, 3360.00000, 2520.6, -0.0274891, 0, 0, 0, 0, 0, 0
18, 3420.00000, 2520.6, -0.0274847, 0, 0, 0, 0, 0, 0
18, 3480.00000, 2520.6, -0.0274802, 0, 0, 0, 0, 0, 0
18, 3540.00000, 2520.6, -0.0274758, 0, 0, 0, 0, 0, 0
19, 0.00000, 2520.6, -0.0274714, 0, 0, 0, 0, 0, 0
19, 60.00000, 2520.61, -0.027397, 0, 0, 0, 0, 0, 0
19, 120.00000, 2520.61, -0.027322, 0, 0, 0, 0, 0, 0
19, 180.00000, 2520.61, -0.0272469, 0, 0, 0, 0, 0, 0
19, 240.00000, 2520.62, -0.0271719, 0, 0, 0, 0, 0, 0
19, 300.00000, 2520.62, -0.0270969, 0, 0, 0, 0, 0, 0
19, 360.00000, 2520.63, -0.0270218, 0, 0, 0, 0, 0, 0
19, 420.00000, 2520.63, -0.0269468, 0, 0, 0, 0, 0, 0
19, 480.00000, 2520.63, -0.0268718, 0, 0, 0, 0, 0, 0
19, 540.00000, 2520.64, -0.0267968, 0, 0, 0, 0, 0, 0
19, 600.00000, 2520.64, -0.0267219, 0, 0, 0, 0, 0, 0
19, 660.00000, 2520.64, -0.0266469, 0, 0, 0, 0, 0, 0
19, 720.00000, 2520.65, -0.0265719, 0, 0, 0, 0, 0, 0
19, 780.00000, 2520.65, -0.026497, 0, 0, 0, 0, 0, 0
19, 840.00000, 2520.65, -0.026422, 0, 0, 0, 0, 0, 0
19, 900.00000, 2520.66, -0.0263471, 0, 0, 0, 0, 0, 0
19, 960.00000, 2520.66, -0.0262722, 0, 0, 0, 0, 0, 0
19, 1020.00000, 2520.67, -0.0261972, 0, 0, 0, 0, 0, 0
19, 1080.00000, 2520.67, -0.0261223, 0, 0, 0, 0, 0, 0
19, 1140.00000, 2520.67, -0.0260474, 0, 0, 0, 0, 0, 0
19, 1200.00000, 2520.68, -0.0259725, 0, 0, 0, 0, 0, 0
19, 1260.00000, 2520.68, -0.0258977, 0, 0, 0, 0, 0, 0
19, 1320.00000, 2520.68, -0.0258228, 0, 0, 0, 0, 0, 0
19, 1380.00000, 2520.69, -0.0257479, 0, 0, 0, 0, 0, 0
19, 1440.00000, 2520.69, -0.0256731, 0, 0, 0, 0, 0, 0
19, 1500.00000, 2520.7, -0.0255982, 0, 0, 0, 0, 0, 0
19, 1560.00000, 2520.7, -0.0255234, 0, 0, 0, 0, 0, 0
19, 1620.00000, 2520.7, -0.0254486, 0, 0, 0, 0, 0, 0
19, 1680.00000, 2520.71, -0.0253737, 0, 0, 0, 0, 0, 0
19, 1740.00000, 2520.71, -0.0252989, 0, 0, 0, 0, 0, 0
19, 1800.00000, 2520.71, -0.0252241, 0, 0, 0, 0, 0, 0
19, 1860.00000, 2520.72, -0.0251493, 0, 0, 0, 0, 0, 0
19, 1920.00000, 2520.72, -0.0250746, 0, 0, 0, 0, 0, 0
19, 1980.00000, 2520.72, -0.0249998, 0, 0, 0, 0, 0, 0
19, 2040.00000, 2520.73, -0.024925, 0, 0, 0, 0, 0, 0
19, 2100.00000, 2520.73, -0.0248503, 0, 0, 0, 0, 0, 0
19, 2160.00000, 2520.74, -0.0247755, 0, 0, 0, 0, 0, 0
19, 2220.00000, 2520.74, -0.0247008, 0, 0, 0, 0, 0, 0
19, 2280.00000, 2520.74, -0.0246261, 0, 0, 0, 0, 0, 0
19, 2340.00000, 2520.75, -0.0245513, 0, 0, 0, 0, 0, 0
19, 2400.00000, 2520.75, -0.0244766, 0, 0, 0, 0, 0, 0
19, 2460.00000, 2520.75, -0.0244019, 0, 0, 0, 0, 0, 0
19, 2520.00000, 2520.76, -0.0243272, 0, 0, 0, 0, 0, 0
19, 2580.00000, 2520.76, -0.0242525, 0, 0, 0, 0, 0, 0
19, 2640.00000, 2520.76, -0.0241779, 0, 0, 0, 0, 0, 0
19, 2700.00000, 2520.77, -0.0241032, 0, 0, 0, 0, 0, 0
19, 2760.00000, 2520.77, -0.0240285, 0, 0, 0, 0, 0, 0
19, 2820.00000, 2520.78, -0.0239539, 0, 0, 0, 0, 0, 0
19, 2880.00000, 2520.78, -0.0238793, 0, 0, 0, 0, 0, 0
19, 2940.00000, 2520.78, -0.0238046, 0, 0, 0, 0, 0, 0
19, 3000.00000, 2520.79, -0.02373, 0, 0, 0, 0, 0, 0
19, 3060.00000, 2520.79, -0.0236554, 0, 0, 0, 0, 0, 0
19, 3120.00000, 2520.79, -0.0235808, 0, 0, 0, 0, 0, 0
19, 3180.00000, 2520.8, -0.0235062, 0, 0, 0, 0, 0, 0
19, 3240.00000, 2520.8, -0.0234316, 0, 0, 0, 0, 0, 0
19, 3300.00000, 2520.8, -0.023357, 0, 0, 0, 0, 0, 0
19, 3360.00000, 2520.81, -0.0232825, 0, 0, 0, 0, 0, 0
19, 3420.00000, 2520.81, -0.0232079, 0, 0, 0, 0, 0, 0
19, 3480.00000, 2520.82, -0.0231333, 0, 0, 0, 0, 0, 0
19, 3540.00000, 2520.82, -0.0230588, 0, 0, 0, 0, 0, 0
20, 0.00000, 2520.82, -0.0229843, 0, 0, 0, 0, 0, 0
20, 60.00000, 2520.82, -0.023026, 0, 0, 0, 0, 0, 0
20, 120.00000, 2520.82, -0.0230687, 0, 0, 0, 0, 0, 0
20, 180.00000, 2520.82, -0.0231114, 0, 0, 0, 0, 0, 0
20, 240.00000, 2520.81, -0.0231541, 0, 0, 0, 0, 0, 0
20, 300.00000, 2520.81, -0.0231968, 0, 0, 0, 0, 0, 0
20, 360.00000, 2520.81, -0.0232395, 0, 0, 0, 0, 0, 0
20, 420.00000, 2520.81, -0.0232823, 0, 0, 0, 0, 0, 0
20, 480.00000, 2520.81, -0.023325, 0, 0, 0, 0, 0, 0
20, 540.00000, 2520.8, -0.0233677, 0, 0, 0, 0, 0, 0
20, 600.00000, 2520.8, -0.0234105, 0, 0, 0, 0, 0, 0
20, 660.00000, 2520.8, -0.0234532, 0, 0, 0, 0, 0, 0
20, 720.00000, 2520.8, -0.0234959, 0, 0, 0, 0, 0, 0
20, 780.00000, 2520.8, -0.0235387, 0, 0, 0, 0, 0, 0
20, 840.00000, 2520.79, -0.0235814, 0, 0, 0, 0, 0, 0
20, 900.00000, 2520.79, -0.0236242, 0, 0, 0, 0, 0, 0
20, 960.00000, 2520.79, -0.0236669, 0, 0, 0, 0, 0, 0
20, 1020.00000, 2520.79, -0.0237096, 0, 0, 0, 0, 0, 0
20, 1080.00000, 2520.79, -0.0237524, 0, 0, 0, 0, 0, 0
20, 1140.00000, 2520.78, -0.0237952, 0, 0, 0, 0, 0, 0
20, 1200.00000, 2520.78, -0.0238379, 0, 0, 0, 0, 0, 0
20, 1260.00000, 2520.78, -0.0238807, 0, 0, 0, 0, 0, 0
20, 1320.00000, 2520.78, -0.0239234, 0, 0, 0, 0, 0, 0
20, 1380.00000, 2520.77, -0.0239662, 0, 0, 0, 0, 0, 0
20, 1440.00000, 2520.77, -0.024009, 0, 0, 0, 0, 0, 0
20, 1500.00000, 2520.77, -0.0240518, 0, 0, 0, 0, 0, 0
20, 1560.00000, 2520.77, -0.0240945, 0, 0, 0, 0, 0, 0
20, 1620.00000, 2520.77, -0.0241373, 0, 0, 0, 0, 0, 0
20, 1680.00000, 2520.76, -0.0241801, 0, 0, 0, 0, 0, 0
20, 1740.00000, 2520.76, -0.0242229, 0, 0, 0, 0, 0, 0
20, 1800.00000, 2520.76, -0.0242657, 0, 0, 0, 0, 0, 0
20, 1860.00000, 2520.76, -0.0243085, 0, 0, 0, 0, 0, 0
20, 1920.00000, 2520.76, -0.0243513, 0, 0, 0, 0, 0, 0
20, 1980.00000, 2520.75, -0.0243941, 0, 0, 0, 0, 0, 0
20, 2040.00000, 2520.75, -0.0244369, 0, 0, 0, 0, 0, 0
20, 2100.00000, 2520.75, -0.0244797, 0, 0, 0, 0, 0, 0
20, 2160.00000, 2520.75, -0.0245225, 0, 0, 0, 0, 0, 0
20, 2220.00000, 2520.75, -0.0245653, 0, 0, 0, 0, 0, 0
20, 2280.00000, 2520.74, -0.0246081, 0, 0, 0, 0, 0, 0
20, 2340.00000, 2520.74, -0.0246509, 0, 0, 0, 0, 0, 0
20, 2400.00000, 2520.74, -0.0246937, 0, 0, 0, 0, 0, 0
20, 2460.00000, 2520.74, -0.0247365, 0, 0, 0, 0, 0, 0
20, 2520.00000, 2520.74, -0.0247794, 0, 0, 0, 0, 0, 0
20, 2580.00000, 2520.73, -0.0248222, 0, 0, 0, 0, 0, 0
20, 2640.00000, 2520.73, -0.024865, 0, 0, 0, 0, 0, 0
20, 2700.00000, 2520.73, -0.0249079, 0, 0, 0, 0, 0, 0
20, 2760.00000, 2520.73, -0.0249507, 0, 0, 0, 0, 0, 0
20, 2820.00000, 2520.72, -0.0249935, 0, 0, 0, 0, 0, 0
20, 2880.00000, 2520.72, -0.0250364, 0, 0, 0, 0, 0, 0
20, 2940.00000, 2520.72, -0.0250792, 0, 0, 0, 0, 0, 0
20, 3000.00000, 2520.72, -0.0251221, 0, 0, 0, 0, 0, 0
20, 3060.00000, 2520.72, -0.0251649, 0, 0, 0, 0, 0, 0
20, 3120.00000, 2520.71, -0.0252078, 0, 0, 0, 0, 0, 0
20, 3180.00000, 2520.71, -0.0252506, 0, 0, 0, 0, 0, 0
20, 3240.00000, 2520.71, -0.0252935, 0, 0, 0, 0, 0, 0
20, 3300.00000, 2520.71, -0.0253363, 0, 0, 0, 0, 0, 0
20, 3360.00000, 2520.71, -0.0253792, 0, 0, 0, 0, 0, 0
20, 3420.00000, 2520.7, -0.0254221, 0, 0, 0, 0, 0, 0
20, 3480.00000, 2520.7, -0.0254649, 0, 0, 0, 0, 0, 0
20, 3540.00000, 2520.7, -0.0255078, 0, 0, 0, 0, 0, 0
21, 0.00000, 2520.7, -0.0255507, 0, 0, 0, 0, 0, 0
21, 60.00000, 2520.69, -0.02562, 0, 0, 0, 0, 0, 0
21, 120.00000, 2520.69, -0.0256895, 0, 0, 0, 0, 0, 0
21, 180.00000, 2520.69, -0.025759, 0, 0, 0, 0, 0, 0
21, 240.00000, 2520.68, -0.0258285, 0, 0, 0, 0, 0, 0
21, 300.00000, 2520.68, -0.0258981, 0, 0, 0, 0, 0, 0
21, 360.00000, 2520.68, -0.0259676, 0, 0, 0, 0, 0, 0
21, 420.00000, 2520.67, -0.0260372, 0, 0, 0, 0, 0, 0
21, 480.00000, 2520.67, -0.0261067, 0, 0, 0, 0, 0, 0
21, 540.00000, 2520.67, -0.0261763, 0, 0, 0, 0, 0, 0
21, 600.00000, 2520.66, -0.0262459, 0, 0, 0, 0, 0, 0
21, 660.00000, 2520.66, -0.0263155, 0, 0, 0, 0, 0, 0
21, 720.00000, 2520.66, -0.0263851, 0, 0, 0, 0, 0, 0
21, 780.00000, 2520.65, -0.0264547, 0, 0, 0, 0, 0, 0
21, 840.00000, 2520.65, -0.0265243, 0, 0, 0, 0, 0, 0
21, 900.00000, 2520.65, -0.0265939, 0, 0, 0, 0, 0, 0
21, 960.00000, 2520.64, -0.0266635, 0, 0, 0, 0, 0, 0
21, 1020.00000, 2520.64, -0.0267332, 0, 0, 0, 0, 0, 0
21, 1080.00000, 2520.64, -0.0268028, 0, 0, 0, 0, 0, 0
21, 1140.00000, 2520.63, -0.0268724, 0, 0, 0, 0, 0, 0
21, 1200.00000, 2520.63, -0.0269421, 0, 0, 0, 0, 0, 0
21, 1260.00000, 2520.63, -0.0270118, 0, 0, 0, 0, 0, 0
21, 1320.00000, 2520.62, -0.0270814, 0, 0, 0, 0, 0, 0
21, 1380.00000, 2520.62, -0.0271511, 0, 0, 0, 0, 0, 0
21, 1440.00000, 2520.62, -0.0272208, 0, 0, 0, 0, 0, 0
21, 1500.00000, 2520.61, -0.0272905, 0, 0, 0, 0, 0, 0
21, 1560.00000, 2520.61, -0.0273602, 0, 0, 0, 0, 0, 0
21, 1620.00000, 2520.6, -0.0274299, 0, 0, 0, 0, 0, 0
21, 1680.00000, 2520.6, -0.0274997, 0, 0, 0, 0, 0, 0
21, 1740.00000, 2520.6, -0.0275694, 0, 0, 0, 0, 0, 0
21, 1800.00000, 2520.59, -0.0276391, 0, 0, 0, 0, 0, 0
21, 1860.00000, 2520.59, -0.0277089, 0, 0, 0, 0, 0, 0
21, 1920.00000, 2520.59, -0.0277786, 0, 0, 0, 0, 0, 0
21, 1980.00000, 2520.58, -0.0278484, 0, 0, 0, 0, 0, 0
21, 2040.00000, 2520.58, -0.0279182, 0, 0, 0, 0, 0, 0
21, 2100.00000, 2520.58, -0.0279879, 0, 0, 0, 0, 0, 0
21, 2160.00000, 2520.57, -0.0280577, 0, 0, 0, 0, 0, 0
21, 2220.00000, 2520.57, -0.0281275, 0, 0, 0, 0, 0, 0
21, 2280.00000, 2520.57, -0.0281973, 0, 0, 0, 0, 0, 0
21, 2340.00000, 2520.56, -0.0282671, 0, 0, 0, 0, 0, 0
21, 2400.00000, 2520.56, -0.0283369, 0, 0, 0, 0, 0, 0
21, 2460.00000, 2520.56, -0.0284068, 0, 0, 0, 0, 0, 0
21, 2520.00000, 2520.55, -0.0284766, 0, 0, 0, 0, 0, 0
21, 2580.00000, 2520.55, -0.0285465, 0, 0, 0, 0, 0, 0
21, 2640.00000, 2520.55, -0.0286163, 0, 0, 0, 0, 0, 0
21, 2700.00000, 2520.54, -0.0286862, 0, 0, 0, 0, 0, 0
21, 2760.00000, 2520.54, -0.028756, 0, 0, 0, 0, 0, 0
21, 2820.00000, 2520.54, -0.0288259, 0, 0, 0, 0, 0, 0
21, 2880.00000, 2520.53, -0.0288958, 0, 0, 0, 0, 0, 0
21, 2940.00000, 2520.53, -0.0289657, 0, 0, 0, 0, 0, 0
21, 3000.00000, 2520.53, -0.0290356, 0, 0, 0, 0, 0, 0
21, 3060.00000, 2520.52, -0.0291055, 0, 0, 0, 0, 0, 0
21, 3120.00000, 2520.52, -0.0291754, 0, 0, 0, 0, 0, 0
21, 3180.00000, 2520.51, -0.0292453, 0, 0, 0, 0, 0, 0
21, 3240.00000, 2520.51, -0.0293153, 0, 0, 0, 0, 0, 0
21, 3300.00000, 2520.51, -0.0293852, 0, 0, 0, 0, 0, 0
21, 3360.00000, 2520.5, -0.0294552, 0, 0, 0, 0, 0, 0
21, 3420.00000, 2520.5, -0.0295251, 0, 0, 0, 0, 0, 0
21, 3480.00000, 2520.5, -0.0295951, 0, 0, 0, 0, 0, 0
21, 3540.00000, 2520.49, -0.0296651, 0, 0, 0, 0, 0, 0
22, 0.00000, 2520.49, -0.029735, 0, 0, 0, 0, 0, 0
22, 60.00000, 2520.5, -0.02957, 0, 0, 0, 0, 0, 0
22, 120.00000, 2520.51, -0.0294023, 0, 0, 0, 0, 0, 0
22, 180.00000, 2520.52, -0.0292347, 0, 0, 0, 0, 0, 0
22, 240.00000, 2520.52, -0.0290671, 0, 0, 0, 0, 0, 0
22, 300.00000, 2520.53, -0.0288995, 0, 0, 0, 0, 0, 0
22, 360.00000, 2520.54, -0.028732, 0, 0, 0, 0, 0, 0
22, 420.00000, 2520.55, -0.0285645, 0, 0, 0, 0, 0, 0
22, 480.00000, 2520.56, -0.0283971, 0, 0, 0, 0, 0, 0
22, 540.00000, 2520.57, -0.0282297, 0, 0, 0, 0, 0, 0
22, 600.00000, 2520.57, -0.0280624, 0, 0, 0, 0, 0, 0
22, 660.00000, 2520.58, -0.0278951, 0, 0, 0, 0, 0, 0
22, 720.00000, 2520.59, -0.0277279, 0, 0, 0, 0, 0, 0
22, 780.00000, 2520.6, -0.0275607, 0, 0, 0, 0, 0, 0
22, 840.00000, 2520.61, -0.0273936, 0, 0, 0, 0, 0, 0
22, 900.00000, 2520.61, -0.0272265, 0, 0, 0, 0, 0, 0
22, 960.00000, 2520.62, -0.0270594, 0, 0, 0, 0, 0, 0
22, 1020.00000, 2520.63, -0.0268924, 0, 0, 0, 0, 0, 0
22, 1080.00000, 2520.64, -0.0267255, 0, 0, 0, 0, 0, 0
22, 1140.00000, 2520.65, -0.0265586, 0, 0, 0, 0, 0, 0
22, 1200.00000, 2520.66, -0.0263917, 0, 0, 0, 0, 0, 0
22, 1260.00000, 2520.66, -0.0262249, 0, 0, 0, 0, 0, 0
22, 1320.00000, 2520.67, -0.0260581, 0, 0, 0, 0, 0, 0
22, 1380.00000, 2520.68, -0.0258914, 0, 0, 0, 0, 0, 0
22, 1440.00000, 2520.69, -0.0257247, 0, 0, 0, 0, 0, 0
22, 1500.00000, 2520.7, -0.0255581, 0, 0, 0, 0, 0, 0
22, 1560.00000, 2520.71, -0.0253915, 0, 0, 0, 0, 0, 0
22, 1620.00000, 2520.71, -0.0252249, 0, 0, 0, 0, 0, 0
22, 1680.00000, 2520.72, -0.0250584, 0, 0, 0, 0, 0, 0
22, 1740.00000, 2520.73, -0.024892, 0, 0, 0, 0, 0, 0
22, 1800.00000, 2520.74, -0.0247255, 0, 0, 0, 0, 0, 0
22, 1860.00000, 2520.75, -0.0245592, 0, 0, 0, 0, 0, 0
22, 1920.00000, 2520.75, -0.0243928, 0, 0, 0, 0, 0, 0
22, 1980.00000, 2520.76, -0.0242266, 0, 0, 0, 0, 0, 0
22, 2040.00000, 2520.77, -0.0240603, 0, 0, 0, 0, 0, 0
22, 2100.00000, 2520.78, -0.0238941, 0, 0, 0, 0, 0, 0
22, 2160.00000, 2520.79, -0.023728, 0, 0, 0, 0, 0, 0
22, 2220.00000, 2520.79, -0.0235619, 0, 0, 0, 0, 0, 0
22, 2280.00000, 2520.8, -0.0233958, 0, 0, 0, 0, 0, 0
22, 2340.00000, 2520.81, -0.0232298, 0, 0, 0, 0, 0, 0
22, 2400.00000, 2520.82, -0.0230638, 0, 0, 0, 0, 0, 0
22, 2460.00000, 2520.83, -0.0228979, 0, 0, 0, 0, 0, 0
22, 2520.00000, 2520.83, -0.022732, 0, 0, 0, 0, 0, 0
22, 2580.00000, 2520.84, -0.0225661, 0, 0, 0, 0, 0, 0
22, 2640.00000, 2520.85, -0.0224003, 0, 0, 0, 0, 0, 0
22, 2700.00000, 2520.86, -0.0222346, 0, 0, 0, 0, 0, 0
22, 2760.00000, 2520.87, -0.0220688, 0, 0, 0, 0, 0, 0
22, 2820.00000, 2520.87, -0.0219032, 0, 0, 0, 0, 0, 0
22, 2880.00000, 2520.88, -0.0217375, 0, 0, 0, 0, 0, 0
22, 2940.00000, 2520.89, -0.0215719, 0, 0, 0, 0, 0, 0
22, 3000.00000, 2520.9, -0.0214064, 0, 0, 0, 0, 0, 0
22, 3060.00000, 2520.91, -0.0212409, 0, 0, 0, 0, 0, 0
22, 3120.00000, 2520.91, -0.0210754, 0, 0, 0, 0, 0, 0
22, 3180.00000, 2520.92, -0.02091, 0, 0, 0, 0, 0, 0
22, 3240.00000, 2520.93, -0.0207446, 0, 0, 0, 0, 0, 0
22, 3300.00000, 2520.94, -0.0205793, 0, 0, 0, 0, 0, 0
22, 3360.00000, 2520.95, -0.020414, 0, 0, 0, 0, 0, 0
22, 3420.00000, 2520.95, -0.0202487, 0, 0, 0, 0, 0, 0
22, 3480.00000, 2520.96, -0.0200835, 0, 0, 0, 0, 0, 0
22, 3540.00000, 2520.97, -0.0199183, 0, 0, 0, 0, 0, 0
23, 0.00000, 2520.98, -0.0197532, 0, 0, 0, 0, 0, 0
23, 60.00000, 2520.97, -0.0198413, 0, 0, 0, 0, 0, 0
23, 120.00000, 2520.97, -0.0199312, 0, 0, 0, 0, 0, 0
23, 180.00000, 2520.96, -0.0200211, 0, 0, 0, 0, 0, 0
23, 240.00000, 2520.96, -0.0201111, 0, 0, 0, 0, 0, 0
23, 300.00000, 2520.96, -0.0202011, 0, 0, 0, 0, 0, 0
23, 360.00000, 2520.95, -0.0202911, 0, 0, 0, 0, 0, 0
23, 420.00000, 2520.95, -0.0203811, 0, 0, 0, 0, 0, 0
23, 480.00000, 2520.94, -0.0204711, 0, 0, 0, 0, 0, 0
23, 540.00000, 2520.94, -0.0205611, 0, 0, 0, 0, 0, 0
23, 600.00000, 2520.93, -0.0206511, 0, 0, 0, 0, 0, 0
23, 660.00000, 2520.93, -0.0207412, 0, 0, 0, 0, 0, 0
23, 720.00000, 2520.93, -0.0208312, 0, 0, 0, 0, 0, 0
23, 780.00000, 2520.92, -0.0209213, 0, 0, 0, 0, 0, 0
23, 840.00000, 2520.92, -0.0210114, 0, 0, 0, 0, 0, 0
23, 900.00000, 2520.91, -0.0211015, 0, 0, 0, 0, 0, 0
23, 960.00000, 2520.91, -0.0211916, 0, 0, 0, 0, 0, 0
23, 1020.00000, 2520.9, -0.0212817, 0, 0, 0, 0, 0, 0
23, 1080.00000, 2520.9, -0.0213718, 0, 0, 0, 0, 0, 0
23, 1140.00000, 2520.9, -0.021462, 0, 0, 0, 0, 0, 0
23, 1200.00000, 2520.89, -0.0215521, 0, 0, 0, 0, 0, 0
23, 1260.00000, 2520.89, -0.0216423, 0, 0, 0, 0, 0, 0
23, 1320.00000, 2520.88, -0.0217325, 0, 0, 0, 0, 0, 0
23, 1380.00000, 2520.88, -0.0218227, 0, 0, 0, 0, 0, 0
23, 1440.00000, 2520.87, -0.0219129, 0, 0, 0, 0, 0, 0
23, 1500.00000, 2520.87, -0.0220031, 0, 0, 0, 0, 0, 0
23, 1560.00000, 2520.87, -0.0220933, 0, 0, 0, 0, 0, 0
23, 1620.00000, 2520.86, -0.0221836, 0, 0, 0, 0, 0, 0
23, 1680.00000, 2520.86, -0.0222738, 0, 0, 0, 0, 0, 0
23, 1740.00000, 2520.85, -0.0223641, 0, 0, 0, 0, 0, 0
23, 1800.00000, 2520.85, -0.0224544, 0, 0, 0, 0, 0, 0
23, 1860.00000, 2520.84, -0.0225447, 0, 0, 0, 0, 0, 0
23, 1920.00000, 2520.84, -0.022635, 0, 0, 0, 0, 0, 0
23, 1980.00000, 2520.84, -0.0227253, 0, 0, 0, 0, 0, 0
23, 2040.00000, 2520.83, -0.0228156, 0, 0, 0, 0, 0, 0
23, 2100.00000, 2520.83, -0.022906, 0, 0, 0, 0, 0, 0
23, 2160.00000, 2520.82, -0.0229963, 0, 0, 0, 0, 0, 0
23, 2220.00000, 2520.82, -0.0230867, 0, 0, 0, 0, 0, 0
23, 2280.00000, 2520.81, -0.0231771, 0, 0, 0, 0, 0, 0
23, 2340.00000, 2520.81, -0.0232675, 0, 0, 0, 0, 0, 0
23, 2400.00000, 2520.8, -0.0233579, 0, 0, 0, 0, 0, 0
23, 2460.00000, 2520.8, -0.0234483, 0, 0, 0, 0, 0, 0
23, 2520.00000, 2520.8, -0.0235388, 0, 0, 0, 0, 0, 0
23, 2580.00000, 2520.79, -0.0236292, 0, 0, 0, 0, 0, 0
23, 2640.00000, 2520.79, -0.0237197, 0, 0, 0, 0, 0, 0
23, 2700.00000, 2520.78, -0.0238102, 0, 0, 0, 0, 0, 0
23, 2760.00000, 2520.78, -0.0239006, 0, 0, 0, 0, 0, 0
23, 2820.00000, 2520.77, -0.0239911, 0, 0, 0, 0, 0, 0
23, 2880.00000, 2520.77, -0.0240817, 0, 0, 0, 0, 0, 0
23, 2940.00000, 2520.76, -0.0241722, 0, 0, 0, 0, 0, 0
23, 3000.00000, 2520.76, -0.0242627, 0, 0, 0, 0, 0, 0
23, 3060.00000, 2520.76, -0.0243533, 0, 0, 0, 0, 0, 0
23, 3120.00000, 2520.75, -0.0244438, 0, 0, 0, 0, 0, 0
23, 3180.00000, 2520.75, -0.0245344, 0, 0, 0, 0, 0, 0
23, 3240.00000, 2520.74, -0.024625, 0, 0, 0, 0, 0, 0
23, 3300.00000, 2520.74, -0.0247156, 0, 0, 0, 0, 0, 0
23, 3360.00000, 2520.73, -0.0248062, 0, 0, 0, 0, 0, 0
23, 3420.00000, 2520.73, -0.0248969, 0, 0, 0, 0, 0, 0
23, 3480.00000, 2520.73, -0.0249875, 0, 0, 0, 0, 0, 0
23, 3540.00000, 2520.72, -0.0250782, 0, 0, 0, 0, 0, 0
24, 0.00000, 2520.72, -0.0251688, 0, 0, 0, 0, 0, 0
